id,regency_id,code,name
110101,1101,11.01.01,Bakongan
110102,1101,11.01.02,Kluet Utara
110103,1101,11.01.03,Kluet Selatan
110104,1101,11.01.04,Labuhanhaji
110105,1101,11.01.05,Meukek
110106,1101,11.01.06,Samadua
110107,1101,11.01.07,Sawang
110108,1101,11.01.08,Tapaktuan
110109,1101,11.01.09,Trumon
110110,1101,11.01.10,Pasie Raja
110111,1101,11.01.11,Labuhanhaji Timur
110112,1101,11.01.12,Labuhanhaji Barat
110113,1101,11.01.13,Kluet Tengah
110114,1101,11.01.14,Kluet Timur
110115,1101,11.01.15,Bakongan Timur
110116,1101,11.01.16,Trumon Timur
110117,1101,11.01.17,Kota Bahagia
110118,1101,11.01.18,Trumon Tengah
110201,1102,11.02.01,Lawe Alas
110202,1102,11.02.02,Lawe Sigala-Gala
110203,1102,11.02.03,Bambel
110204,1102,11.02.04,Babussalam
110205,1102,11.02.05,Badar
110206,1102,11.02.06,Babul Makmur
110207,1102,11.02.07,Darul Hasanah
110208,1102,11.02.08,Lawe Bulan
110209,1102,11.02.09,Bukit Tusam
110210,1102,11.02.10,Semadam
110211,1102,11.02.11,Babul Rahmah
110212,1102,11.02.12,Ketambe
110213,1102,11.02.13,Deleng Pokhkisen
110214,1102,11.02.14,Lawe Sumur
110215,1102,11.02.15,Tanoh Alas
110216,1102,11.02.16,Leuser
110301,1103,11.03.01,Darul Aman
110302,1103,11.03.02,Julok
110303,1103,11.03.03,Idi Rayeuk
110304,1103,11.03.04,Birem Bayeun
110305,1103,11.03.05,Serbajadi
110306,1103,11.03.06,Nurussalam
110307,1103,11.03.07,Peureulak
110308,1103,11.03.08,Rantau Selamat
110309,1103,11.03.09,Simpang Ulim
110310,1103,11.03.10,Ranto Peureulak
110311,1103,11.03.11,Pante Bidari
110312,1103,11.03.12,Madat
110313,1103,11.03.13,Indra Makmu
110314,1103,11.03.14,Idi Tunong
110315,1103,11.03.15,Banda Alam
110316,1103,11.03.16,Peudawa
110317,1103,11.03.17,Peureulak Timur
110318,1103,11.03.18,Peureulak Barat
110319,1103,11.03.19,Sungai Raya
110320,1103,11.03.20,Simpang Jernih
110321,1103,11.03.21,Darul Ihsan
110322,1103,11.03.22,Darul Falah
110323,1103,11.03.23,Idi Timur
110324,1103,11.03.24,Peunaron
110401,1104,11.04.01,Linge
110402,1104,11.04.02,Silih Nara
110403,1104,11.04.03,Bebesen
110407,1104,11.04.07,Pegasing
110408,1104,11.04.08,Bintang
110410,1104,11.04.10,Ketol
110411,1104,11.04.11,Kebayakan
110412,1104,11.04.12,Kute Panang
110413,1104,11.04.13,Celala
110417,1104,11.04.17,Laut Tawar
110418,1104,11.04.18,Atu Lintang
110419,1104,11.04.19,Jagong Jeget
110420,1104,11.04.20,Bies
110421,1104,11.04.21,Rusip Antara
110501,1105,11.05.01,Johan Pahlawan
110502,1105,11.05.02,Kaway XVI
110503,1105,11.05.03,Sungai Mas
110504,1105,11.05.04,Woyla
110505,1105,11.05.05,Samatiga
110506,1105,11.05.06,Bubon
110507,1105,11.05.07,Arongan Lambalek
110508,1105,11.05.08,Pante Ceureumen
110509,1105,11.05.09,Meureubo
110510,1105,11.05.10,Woyla Barat
110511,1105,11.05.11,Woyla Timur
110512,1105,11.05.12,Panton Reu
110601,1106,11.06.01,Lhoong
110602,1106,11.06.02,Lhoknga
110603,1106,11.06.03,Indrapuri
110604,1106,11.06.04,Seulimeum
110605,1106,11.06.05,Montasik
110606,1106,11.06.06,Sukamakmur
110607,1106,11.06.07,Darul Imarah
110608,1106,11.06.08,Peukan Bada
110609,1106,11.06.09,Mesjid Raya
110610,1106,11.06.10,Ingin Jaya
110611,1106,11.06.11,Kuta Baro
110612,1106,11.06.12,Darussalam
110613,1106,11.06.13,Pulo Aceh
110614,1106,11.06.14,Lembah Seulawah
110615,1106,11.06.15,Kota Jantho
110616,1106,11.06.16,Kuta Cot Glie
110617,1106,11.06.17,Kuta Malaka
110618,1106,11.06.18,Simpang Tiga
110619,1106,11.06.19,Darul Kamal
110620,1106,11.06.20,Baitussalam
110621,1106,11.06.21,Krueng Barona Jaya
110622,1106,11.06.22,Leupung
110623,1106,11.06.23,Blang Bintang
110703,1107,11.07.03,Batee
110704,1107,11.07.04,Delima
110705,1107,11.07.05,Geumpang
110706,1107,11.07.06,Glumpang Tiga
110707,1107,11.07.07,Indrajaya
110708,1107,11.07.08,Kembang Tanjong
110709,1107,11.07.09,Kota Sigli
110711,1107,11.07.11,Mila
110712,1107,11.07.12,Muara Tiga
110713,1107,11.07.13,Mutiara
110714,1107,11.07.14,Padang Tiji
110715,1107,11.07.15,Peukan Baro
110716,1107,11.07.16,Pidie
110717,1107,11.07.17,Sakti
110718,1107,11.07.18,Simpang Tiga
110719,1107,11.07.19,Tangse
110721,1107,11.07.21,Tiro/Truseb
110722,1107,11.07.22,Keumala
110724,1107,11.07.24,Mutiara Timur
110725,1107,11.07.25,Grong-grong
110727,1107,11.07.27,Mane
110729,1107,11.07.29,Glumpang Baro
110731,1107,11.07.31,Titeue
110801,1108,11.08.01,Baktiya
110802,1108,11.08.02,Dewantara
110803,1108,11.08.03,Kuta Makmur
110804,1108,11.08.04,Lhoksukon
110805,1108,11.08.05,Matangkuli
110806,1108,11.08.06,Muara Batu
110807,1108,11.08.07,Meurah Mulia
110808,1108,11.08.08,Samudera
110809,1108,11.08.09,Seunuddon
110810,1108,11.08.10,Syamtalira Aron
110811,1108,11.08.11,Syamtalira Bayu
110812,1108,11.08.12,Tanah Luas
110813,1108,11.08.13,Tanah Pasir
110814,1108,11.08.14,Tanah Jambo Aye
110815,1108,11.08.15,Sawang
110816,1108,11.08.16,Nisam
110817,1108,11.08.17,Cot Girek
110818,1108,11.08.18,Langkahan
110819,1108,11.08.19,Baktiya Barat
110820,1108,11.08.20,Paya Bakong
110821,1108,11.08.21,Nibong
110822,1108,11.08.22,Simpang Keuramat
110823,1108,11.08.23,Lapang
110824,1108,11.08.24,Pirak Timu
110825,1108,11.08.25,Geureudong Pase
110826,1108,11.08.26,Banda Baro
110827,1108,11.08.27,Nisam Antara
110901,1109,11.09.01,Simeulue Tengah
110902,1109,11.09.02,Salang
110903,1109,11.09.03,Teupah Barat
110904,1109,11.09.04,Simeulue Timur
110905,1109,11.09.05,Teluk Dalam
110906,1109,11.09.06,Simeulue Barat
110907,1109,11.09.07,Teupah Selatan
110908,1109,11.09.08,Alafan
110909,1109,11.09.09,Teupah Tengah
110910,1109,11.09.10,Simeulue Cut
111001,1110,11.10.01,Pulau Banyak
111002,1110,11.10.02,Simpang Kanan
111004,1110,11.10.04,Singkil
111006,1110,11.10.06,Gunung Meriah
111009,1110,11.10.09,Kota Baharu
111010,1110,11.10.10,Singkil Utara
111011,1110,11.10.11,Danau Paris
111012,1110,11.10.12,Suro Makmur
111013,1110,11.10.13,Singkohor
111014,1110,11.10.14,Kuala Baru
111016,1110,11.10.16,Pulau Banyak Barat
111101,1111,11.11.01,Samalanga
111102,1111,11.11.02,Jeunieb
111103,1111,11.11.03,Peudada
111104,1111,11.11.04,Jeumpa
111105,1111,11.11.05,Peusangan
111106,1111,11.11.06,Makmur
111107,1111,11.11.07,Gandapura
111108,1111,11.11.08,Pandrah
111109,1111,11.11.09,Juli
111110,1111,11.11.10,Jangka
111111,1111,11.11.11,Simpang Mamplam
111112,1111,11.11.12,Peulimbang
111113,1111,11.11.13,Kota Juang
111114,1111,11.11.14,Kuala
111115,1111,11.11.15,Peusangan Siblah Krueng
111116,1111,11.11.16,Peusangan Selatan
111117,1111,11.11.17,Kuta Blang
111201,1112,11.12.01,Blangpidie
111202,1112,11.12.02,Tangan-Tangan
111203,1112,11.12.03,Manggeng
111204,1112,11.12.04,Susoh
111205,1112,11.12.05,Kuala Batee
111206,1112,11.12.06,Babah Rot
111207,1112,11.12.07,Setia
111208,1112,11.12.08,Jeumpa
111209,1112,11.12.09,Lembah Sabil
111301,1113,11.13.01,Blangkejeren
111302,1113,11.13.02,Kutapanjang
111303,1113,11.13.03,Rikit Gaib
111304,1113,11.13.04,Terangun
111305,1113,11.13.05,Pining
111306,1113,11.13.06,Blangpegayon
111307,1113,11.13.07,Puteri Betung
111308,1113,11.13.08,Dabun Gelang
111309,1113,11.13.09,Blangjerango
111310,1113,11.13.10,Teripe Jaya
111311,1113,11.13.11,Pantan Cuaca
111401,1114,11.14.01,Teunom
111402,1114,11.14.02,Krueng Sabee
111403,1114,11.14.03,Setia Bakti
111404,1114,11.14.04,Sampoi Niet
111405,1114,11.14.05,Jaya
111406,1114,11.14.06,Panga
111407,1114,11.14.07,Indra Jaya
111408,1114,11.14.08,Darul Hikmah
111409,1114,11.14.09,Pasie Raya
111501,1115,11.15.01,Kuala
111502,1115,11.15.02,Seunagan
111503,1115,11.15.03,Seunagan Timur
111504,1115,11.15.04,Beutong
111505,1115,11.15.05,Darul Makmur
111506,1115,11.15.06,Suka Makmue
111507,1115,11.15.07,Kuala Pesisir
111508,1115,11.15.08,Tadu Raya
111509,1115,11.15.09,Tripa Makmur
111510,1115,11.15.10,Beutong Ateuh Banggalang
111601,1116,11.16.01,Manyak Payed
111602,1116,11.16.02,Bendahara
111603,1116,11.16.03,Karang Baru
111604,1116,11.16.04,Seruway
111605,1116,11.16.05,Kota Kualasinpang
111606,1116,11.16.06,Kejuruan Muda
111607,1116,11.16.07,Tamiang Hulu
111608,1116,11.16.08,Rantau
111609,1116,11.16.09,Banda Mulia
111610,1116,11.16.10,Bandar Pusaka
111611,1116,11.16.11,Tenggulun
111612,1116,11.16.12,Sekerak
111701,1117,11.17.01,Pintu Rime Gayo
111702,1117,11.17.02,Permata
111703,1117,11.17.03,Syiah Utama
111704,1117,11.17.04,Bandar
111705,1117,11.17.05,Bukit
111706,1117,11.17.06,Wih Pesam
111707,1117,11.17.07,Timang gajah
111708,1117,11.17.08,Bener Kelipah
111709,1117,11.17.09,Mesidah
111710,1117,11.17.10,Gajah Putih
111801,1118,11.18.01,Meureudu
111802,1118,11.18.02,Ulim
111803,1118,11.18.03,Jangka Buya
111804,1118,11.18.04,Bandar Dua
111805,1118,11.18.05,Meurah Dua
111806,1118,11.18.06,Bandar Baru
111807,1118,11.18.07,Panteraja
111808,1118,11.18.08,Trienggadeng
117101,1171,11.71.01,Baiturrahman
117102,1171,11.71.02,Kuta Alam
117103,1171,11.71.03,Meuraxa
117104,1171,11.71.04,Syiah Kuala
117105,1171,11.71.05,Lueng Bata
117106,1171,11.71.06,Kuta Raja
117107,1171,11.71.07,Banda Raya
117108,1171,11.71.08,Jaya Baru
117109,1171,11.71.09,Ulee Kareng
117201,1172,11.72.01,Sukakarya
117202,1172,11.72.02,Sukajaya
117203,1172,11.72.03,Sukamakmue
117301,1173,11.73.01,Muara Dua
117302,1173,11.73.02,Banda Sakti
117303,1173,11.73.03,Blang Mangat
117304,1173,11.73.04,Muara Satu
117401,1174,11.74.01,Langsa Timur
117402,1174,11.74.02,Langsa Barat
117403,1174,11.74.03,Langsa Kota
117404,1174,11.74.04,Langsa Lama
117405,1174,11.74.05,Langsa Baro
117501,1175,11.75.01,Simpang Kiri
117502,1175,11.75.02,Penanggalan
117503,1175,11.75.03,Rundeng
117504,1175,11.75.04,Sultan Daulat
117505,1175,11.75.05,Longkib
120101,1201,12.01.01,Barus
120102,1201,12.01.02,Sorkam
120103,1201,12.01.03,Pandan
120104,1201,12.01.04,Pinangsori
120105,1201,12.01.05,Manduamas
120106,1201,12.01.06,Kolang
120107,1201,12.01.07,Tapian Nauli
120108,1201,12.01.08,Sibabangun
120109,1201,12.01.09,Sosorgadong
120110,1201,12.01.10,Sorkam Barat
120111,1201,12.01.11,Sirandorung
120112,1201,12.01.12,Andam Dewi
120113,1201,12.01.13,Sitahuis
120114,1201,12.01.14,Tukka
120115,1201,12.01.15,Badiri
120116,1201,12.01.16,Pasaribu Tobing
120117,1201,12.01.17,Barus Utara
120118,1201,12.01.18,Suka Bangun
120119,1201,12.01.19,Lumut
120120,1201,12.01.20,Sarudik
120201,1202,12.02.01,Tarutung
120202,1202,12.02.02,Siatas Barita
120203,1202,12.02.03,Adiankoting
120204,1202,12.02.04,Sipoholon
120205,1202,12.02.05,Pahae Julu
120206,1202,12.02.06,Pahae Jae
120207,1202,12.02.07,Simangumban
120208,1202,12.02.08,Purbatua
120209,1202,12.02.09,Siborongborong
120210,1202,12.02.10,Pagaran
120211,1202,12.02.11,Parmonangan
120212,1202,12.02.12,Sipahutar
120213,1202,12.02.13,Pangaribuan
120214,1202,12.02.14,Garoga
120215,1202,12.02.15,Muara
120301,1203,12.03.01,Angkola Barat
120302,1203,12.03.02,Batang Toru
120303,1203,12.03.03,Angkola Timur
120304,1203,12.03.04,Sipirok
120305,1203,12.03.05,Saipar Dolok Hole
120306,1203,12.03.06,Angkola Selatan
120307,1203,12.03.07,Batang Angkola
120314,1203,12.03.14,Arse
120320,1203,12.03.20,Marancar
120321,1203,12.03.21,Sayur Matinggi
120322,1203,12.03.22,Aek Bilah
120329,1203,12.03.29,Muara Batang Toru
120330,1203,12.03.30,Tano Tombangan Angkola
120331,1203,12.03.31,Angkola Sangkunur
120332,1203,12.03.32,Angkola Muara Tais
120405,1204,12.04.05,Hiliduho
120406,1204,12.04.06,Gido
120410,1204,12.04.10,Idanogawo
120411,1204,12.04.11,Bawolato
120420,1204,12.04.20,Hiliserangkai
120421,1204,12.04.21,Botomuzoi
120427,1204,12.04.27,Ulugawo
120428,1204,12.04.28,Ma'u
120429,1204,12.04.29,Somolo-molo
120435,1204,12.04.35,Sogae'adu
120501,1205,12.05.01,Bahorok
120502,1205,12.05.02,Salapian
120503,1205,12.05.03,Kuala
120504,1205,12.05.04,Sei Bingai
120505,1205,12.05.05,Binjai
120506,1205,12.05.06,Selesai
120507,1205,12.05.07,Stabat
120508,1205,12.05.08,Wampu
120509,1205,12.05.09,Secanggang
120510,1205,12.05.10,Hinai
120511,1205,12.05.11,Tanjung Pura
120512,1205,12.05.12,Padang Tualang
120513,1205,12.05.13,Gebang
120514,1205,12.05.14,Babalan
120515,1205,12.05.15,Pangkalan Susu
120516,1205,12.05.16,Besitang
120517,1205,12.05.17,Sei Lepan
120518,1205,12.05.18,Berandan Barat
120519,1205,12.05.19,Batang Serangan
120520,1205,12.05.20,Sawit Seberang
120521,1205,12.05.21,Sirapit
120522,1205,12.05.22,Kutambaru
120523,1205,12.05.23,Pematang Jaya
120601,1206,12.06.01,Kabanjahe
120602,1206,12.06.02,Berastagi
120603,1206,12.06.03,Barusjahe
120604,1206,12.06.04,Tigapanah
120605,1206,12.06.05,Merek
120606,1206,12.06.06,Munte
120607,1206,12.06.07,Juhar
120608,1206,12.06.08,Tigabinanga
120609,1206,12.06.09,Laubaleng
120610,1206,12.06.10,Mardingding
120611,1206,12.06.11,Payung
120612,1206,12.06.12,Simpang Empat
120613,1206,12.06.13,Kutabuluh
120614,1206,12.06.14,Dolat Rayat
120615,1206,12.06.15,Merdeka
120616,1206,12.06.16,Naman Teran
120617,1206,12.06.17,Tiganderket
120701,1207,12.07.01,Gunung Meriah
120702,1207,12.07.02,Tanjung Morawa
120703,1207,12.07.03,Sibolangit
120704,1207,12.07.04,Kutalimbaru
120705,1207,12.07.05,Pancur Batu
120706,1207,12.07.06,Namo Rambe
120707,1207,12.07.07,Biru-Biru
120708,1207,12.07.08,Sinembah Tanjung Muda Hilir
120709,1207,12.07.09,Bangun Purba
120719,1207,12.07.19,Galang
120720,1207,12.07.20,Sinembah Tanjung Muda Hulu
120721,1207,12.07.21,Patumbak
120722,1207,12.07.22,Deli Tua
120723,1207,12.07.23,Sunggal
120724,1207,12.07.24,Hamparan Perak
120725,1207,12.07.25,Labuhan Deli
120726,1207,12.07.26,Percut Sei Tuan
120727,1207,12.07.27,Batang Kuis
120728,1207,12.07.28,Lubuk Pakam
120731,1207,12.07.31,Pagar Merbau
120732,1207,12.07.32,Pantai Labu
120733,1207,12.07.33,Beringin
120801,1208,12.08.01,Siantar
120802,1208,12.08.02,Gunung Malela
120803,1208,12.08.03,Gunung Maligas
120804,1208,12.08.04,Panei
120805,1208,12.08.05,Panombeian Panei
120806,1208,12.08.06,Jorlang Hataran
120807,1208,12.08.07,Raya Kahean
120808,1208,12.08.08,Bosar Maligas
120809,1208,12.08.09,Sidamanik
120810,1208,12.08.10,Pamatang Sidamanik
120811,1208,12.08.11,Tanah Jawa
120812,1208,12.08.12,Hatonduhan
120813,1208,12.08.13,Dolok Panribuan
120814,1208,12.08.14,Purba
120815,1208,12.08.15,Haranggaol Horisan
120816,1208,12.08.16,Girsang Sipangan Bolon
120817,1208,12.08.17,Dolok Batu Nanggar
120818,1208,12.08.18,Hutabayu Raja
120819,1208,12.08.19,Jawa Maraja Bah Jambi
120820,1208,12.08.20,Dolok Pardamean
120821,1208,12.08.21,Pematang Bandar
120822,1208,12.08.22,Bandar Huluan
120823,1208,12.08.23,Bandar
120824,1208,12.08.24,Bandar Masilam
120825,1208,12.08.25,Silimakuta
120826,1208,12.08.26,Dolok Silao
120827,1208,12.08.27,Silou Kahean
120828,1208,12.08.28,Tapian Dolok
120829,1208,12.08.29,Raya
120830,1208,12.08.30,Ujung Padang
120831,1208,12.08.31,Pamatang Silima Huta
120832,1208,12.08.32,Dolog Masagal
120908,1209,12.09.08,Meranti
120909,1209,12.09.09,Air Joman
120910,1209,12.09.10,Tanjung Balai
120911,1209,12.09.11,Sei Kepayang
120912,1209,12.09.12,Simpang Empat
120913,1209,12.09.13,Air Batu
120914,1209,12.09.14,Pulau Rakyat
120915,1209,12.09.15,Bandar Pulau
120916,1209,12.09.16,Buntu Pane
120917,1209,12.09.17,Bandar Pasir Mandoge
120918,1209,12.09.18,Aek Kuasan
120919,1209,12.09.19,Kota Kisaran Barat
120920,1209,12.09.20,Kota Kisaran Timur
120921,1209,12.09.21,Aek Songsongan
120922,1209,12.09.22,Rahuning
120923,1209,12.09.23,Sei Dadap
120924,1209,12.09.24,Sei Kepayang Barat
120925,1209,12.09.25,Sei Kepayang Timur
120926,1209,12.09.26,Tinggi Raja
120927,1209,12.09.27,Setia Janji
120928,1209,12.09.28,Silau Laut
120929,1209,12.09.29,Rawang Panca Arga
120930,1209,12.09.30,Pulo Bandring
120931,1209,12.09.31,Teluk Dalam
120932,1209,12.09.32,Aek Ledong
121001,1210,12.10.01,Rantau Utara
121002,1210,12.10.02,Rantau Selatan
121007,1210,12.10.07,Bilah Barat
121008,1210,12.10.08,Bilah Hilir
121009,1210,12.10.09,Bilah Hulu
121014,1210,12.10.14,Pangkatan
121018,1210,12.10.18,Panai Tengah
121019,1210,12.10.19,Panai Hilir
121020,1210,12.10.20,Panai Hulu
121101,1211,12.11.01,Sidikalang
121102,1211,12.11.02,Sumbul
121103,1211,12.11.03,Tigalingga
121104,1211,12.11.04,Siempat Nempu
121105,1211,12.11.05,Silima Pungga Pungga
121106,1211,12.11.06,Tanah Pinem
121107,1211,12.11.07,Siempat Nempu Hulu
121108,1211,12.11.08,Siempat Nempu Hilir
121109,1211,12.11.09,Pegagan Hilir
121110,1211,12.11.10,Parbuluan
121111,1211,12.11.11,Lae Parira
121112,1211,12.11.12,Gunung Sitember
121113,1211,12.11.13,Berampu
121114,1211,12.11.14,Silahisabungan
121115,1211,12.11.15,Sitinjo
121201,1212,12.12.01,Balige
121202,1212,12.12.02,Laguboti
121203,1212,12.12.03,Silaen
121204,1212,12.12.04,Habinsaran
121205,1212,12.12.05,Pintu Pohan Meranti
121206,1212,12.12.06,Borbor
121207,1212,12.12.07,Porsea
121208,1212,12.12.08,Ajibata
121209,1212,12.12.09,Lumban Julu
121210,1212,12.12.10,Uluan
121219,1212,12.12.19,Sigumpar
121220,1212,12.12.20,Siantar Narumonda
121221,1212,12.12.21,Nassau
121222,1212,12.12.22,Tampahan
121223,1212,12.12.23,Bonatua Lunasi
121224,1212,12.12.24,Parmaksian
121301,1213,12.13.01,Panyabungan
121302,1213,12.13.02,Panyabungan Utara
121303,1213,12.13.03,Panyabungan Timur
121304,1213,12.13.04,Panyabungan Selatan
121305,1213,12.13.05,Panyabungan Barat
121306,1213,12.13.06,Siabu
121307,1213,12.13.07,Bukit Malintang
121308,1213,12.13.08,Kotanopan
121309,1213,12.13.09,Lembah Sorik Marapi
121310,1213,12.13.10,Tambangan
121311,1213,12.13.11,Ulu Pungkut
121312,1213,12.13.12,Muara Sipongi
121313,1213,12.13.13,Batang Natal
121314,1213,12.13.14,Lingga Bayu
121315,1213,12.13.15,Batahan
121316,1213,12.13.16,Natal
121317,1213,12.13.17,Muara Batang Gadis
121318,1213,12.13.18,Ranto Baek
121319,1213,12.13.19,Huta Bargot
121320,1213,12.13.20,Puncak Sorik Marapi
121321,1213,12.13.21,Pakantan
121322,1213,12.13.22,Sinunukan
121323,1213,12.13.23,Naga Juang
121401,1214,12.14.01,Lolomatua
121402,1214,12.14.02,Gomo
121403,1214,12.14.03,Lahusa
121404,1214,12.14.04,Hibala
121405,1214,12.14.05,Pulau-Pulau Batu
121406,1214,12.14.06,Teluk Dalam
121407,1214,12.14.07,Amandraya
121408,1214,12.14.08,Lolowau
121409,1214,12.14.09,Susua
121410,1214,12.14.10,Maniamolo
121411,1214,12.14.11,Hilimegai
121412,1214,12.14.12,Toma
121413,1214,12.14.13,Mazino
121414,1214,12.14.14,Umbunasi
121415,1214,12.14.15,Aramo
121416,1214,12.14.16,Pulau-Pulau Batu Timur
121417,1214,12.14.17,Mazo
121418,1214,12.14.18,Fanayama
121419,1214,12.14.19,Ulunoyo
121420,1214,12.14.20,Huruna
121421,1214,12.14.21,O'o'u
121422,1214,12.14.22,Onohazumba
121423,1214,12.14.23,Hilisalawa'ahe
121424,1214,12.14.24,Ulususua
121425,1214,12.14.25,Sidua'ori
121426,1214,12.14.26,Somambawa
121427,1214,12.14.27,Boronadu
121428,1214,12.14.28,Simuk
121429,1214,12.14.29,Pulau-Pulau Batu Barat
121430,1214,12.14.30,Pulau-Pulau Batu Utara
121431,1214,12.14.31,Tanah Masa
121432,1214,12.14.32,Luahagundre Maniamolo
121433,1214,12.14.33,Onolalu
121434,1214,12.14.34,Ulu Idanotae
121435,1214,12.14.35,Idanotae
121501,1215,12.15.01,Sitelu Tali Urang Jehe
121502,1215,12.15.02,Kerajaan
121503,1215,12.15.03,Salak
121504,1215,12.15.04,Sitelu Tali Urang Julu
121505,1215,12.15.05,Pergetteng Getteng Sengkut
121506,1215,12.15.06,Pagindar
121507,1215,12.15.07,Tinada
121508,1215,12.15.08,Siempat Rube
121601,1216,12.16.01,Parlilitan
121602,1216,12.16.02,Pollung
121603,1216,12.16.03,Baktiraja
121604,1216,12.16.04,Paranginan
121605,1216,12.16.05,Lintong Nihuta
121606,1216,12.16.06,Dolok Sanggul
121607,1216,12.16.07,Sijamapolang
121608,1216,12.16.08,Onan Ganjang
121609,1216,12.16.09,Pakkat
121610,1216,12.16.10,Tarabintang
121701,1217,12.17.01,Simanindo
121702,1217,12.17.02,Onan Runggu
121703,1217,12.17.03,Nainggolan
121704,1217,12.17.04,Palipi
121705,1217,12.17.05,Harian
121706,1217,12.17.06,Sianjar Mula Mula
121707,1217,12.17.07,Ronggur Nihuta
121708,1217,12.17.08,Pangururan
121709,1217,12.17.09,Sitio-tio
121801,1218,12.18.01,Pantai Cermin
121802,1218,12.18.02,Perbaungan
121803,1218,12.18.03,Teluk Mengkudu
121804,1218,12.18.04,Sei Rampah
121805,1218,12.18.05,Tanjung Beringin
121806,1218,12.18.06,Bandar Khalipah
121807,1218,12.18.07,Dolok Merawan
121808,1218,12.18.08,Sipispis
121809,1218,12.18.09,Dolok Masihul
121810,1218,12.18.10,Kotarih
121811,1218,12.18.11,Silinda
121812,1218,12.18.12,Serba Jadi
121813,1218,12.18.13,Tebing Tinggi
121814,1218,12.18.14,Pegajahan
121815,1218,12.18.15,Sei Bamban
121816,1218,12.18.16,Tebing Syahbandar
121817,1218,12.18.17,Bintang Bayu
121901,1219,12.19.01,Medang Deras
121902,1219,12.19.02,Sei Suka
121903,1219,12.19.03,Air Putih
121904,1219,12.19.04,Lima Puluh
121905,1219,12.19.05,Talawi
121906,1219,12.19.06,Tanjung Tiram
121907,1219,12.19.07,Sei Balai
121908,1219,12.19.08,Laut Tador
121909,1219,12.19.09,Lima Puluh Pesisir
121910,1219,12.19.10,Datuk Lima Puluh
121911,1219,12.19.11,Datuk Tanah Datar
121912,1219,12.19.12,Nibung Hangus
122001,1220,12.20.01,Dolok Sigompulon
122002,1220,12.20.02,Dolok
122003,1220,12.20.03,Halongonan
122004,1220,12.20.04,Padang Bolak
122005,1220,12.20.05,Padang Bolak Julu
122006,1220,12.20.06,Portibi
122007,1220,12.20.07,Batang Onang
122008,1220,12.20.08,Simangambat
122009,1220,12.20.09,Hulu Sihapas
122010,1220,12.20.10,Padang Bolak Tenggara
122011,1220,12.20.11,Halongonan Timur
122012,1220,12.20.12,Ujung Batu
122101,1221,12.21.01,Sosopan
122102,1221,12.21.02,Barumun Tengah
122103,1221,12.21.03,Huristak
122104,1221,12.21.04,Lubuk Barumun
122105,1221,12.21.05,Hutaraja Tinggi
122106,1221,12.21.06,Ulu Barumun
122107,1221,12.21.07,Barumun
122108,1221,12.21.08,Sosa
122109,1221,12.21.09,Batang Lubu Sutam
122110,1221,12.21.10,Barumun Selatan
122111,1221,12.21.11,Aek Nabara Barumun
122112,1221,12.21.12,Sihapas Barumun
122113,1221,12.21.13,Barumun Baru
122114,1221,12.21.14,Ulu Sosa
122115,1221,12.21.15,Sosa Julu
122116,1221,12.21.16,Barumun Barat
122117,1221,12.21.17,Sosa Timur
122201,1222,12.22.01,Kotapinang
122202,1222,12.22.02,Kampung Rakyat
122203,1222,12.22.03,Torgamba
122204,1222,12.22.04,Sungai Kanan
122205,1222,12.22.05,Silangkitang
122301,1223,12.23.01,Kualuh Hulu
122302,1223,12.23.02,Kualuh Leidong
122303,1223,12.23.03,Kualuh Hilir
122304,1223,12.23.04,Aek Kuo
122305,1223,12.23.05,Marbau
122306,1223,12.23.06,Na IX-X
122307,1223,12.23.07,Aek Natas
122308,1223,12.23.08,Kualuh Selatan
122401,1224,12.24.01,Lotu
122402,1224,12.24.02,Sawo
122403,1224,12.24.03,Tuhemberua
122404,1224,12.24.04,Sitolu Ori
122405,1224,12.24.05,Namohalu Esiwa
122406,1224,12.24.06,Alasa Talumuzoi
122407,1224,12.24.07,Alasa
122408,1224,12.24.08,Tugala Oyo
122409,1224,12.24.09,Afulu
122410,1224,12.24.10,Lahewa
122411,1224,12.24.11,Lahewa Timur
122501,1225,12.25.01,Lahomi
122502,1225,12.25.02,Sirombu
122503,1225,12.25.03,Mandrehe Barat
122504,1225,12.25.04,Moro'o
122505,1225,12.25.05,Mandrehe
122506,1225,12.25.06,Mandrehe Utara
122507,1225,12.25.07,Lolofitu Moi
122508,1225,12.25.08,Ulu Moro'o
127101,1271,12.71.01,Medan Kota
127102,1271,12.71.02,Medan Sunggal
127103,1271,12.71.03,Medan Helvetia
127104,1271,12.71.04,Medan Denai
127105,1271,12.71.05,Medan Barat
127106,1271,12.71.06,Medan Deli
127107,1271,12.71.07,Medan Tuntungan
127108,1271,12.71.08,Medan Belawan
127109,1271,12.71.09,Medan Amplas
127110,1271,12.71.10,Medan Area
127111,1271,12.71.11,Medan Johor
127112,1271,12.71.12,Medan Marelan
127113,1271,12.71.13,Medan Labuhan
127114,1271,12.71.14,Medan Tembung
127115,1271,12.71.15,Medan Maimun
127116,1271,12.71.16,Medan Polonia
127117,1271,12.71.17,Medan Baru
127118,1271,12.71.18,Medan Perjuangan
127119,1271,12.71.19,Medan Petisah
127120,1271,12.71.20,Medan Timur
127121,1271,12.71.21,Medan Selayang
127201,1272,12.72.01,Siantar Timur
127202,1272,12.72.02,Siantar Barat
127203,1272,12.72.03,Siantar Utara
127204,1272,12.72.04,Siantar Selatan
127205,1272,12.72.05,Siantar Marihat
127206,1272,12.72.06,Siantar Martoba
127207,1272,12.72.07,Siantar Sitalasari
127208,1272,12.72.08,Siantar Marimbun
127301,1273,12.73.01,Sibolga Utara
127302,1273,12.73.02,Sibolga Kota
127303,1273,12.73.03,Sibolga Selatan
127304,1273,12.73.04,Sibolga Sambas
127401,1274,12.74.01,Tanjungbalai Selatan
127402,1274,12.74.02,Tanjungbalai Utara
127403,1274,12.74.03,Sei Tualang Raso
127404,1274,12.74.04,Teluk Nibung
127405,1274,12.74.05,Datuk Bandar
127406,1274,12.74.06,Datuk Bandar Timur
127501,1275,12.75.01,Binjai Utara
127502,1275,12.75.02,Binjai Kota
127503,1275,12.75.03,Binjai Barat
127504,1275,12.75.04,Binjai Timur
127505,1275,12.75.05,Binjai Selatan
127601,1276,12.76.01,Padang Hulu
127602,1276,12.76.02,Rambutan
127603,1276,12.76.03,Padang Hilir
127604,1276,12.76.04,Bajenis
127605,1276,12.76.05,Tebing Tinggi Kota
127701,1277,12.77.01,Padangsidimpuan Utara
127702,1277,12.77.02,Padangsidimpuan Selatan
127703,1277,12.77.03,Padangsidimpuan Batunadua
127704,1277,12.77.04,Padangsidimpuan Hutaimbaru
127705,1277,12.77.05,Padangsidimpuan Tenggara
127706,1277,12.77.06,Padangsidimpuan Angkola Julu
127801,1278,12.78.01,Gunungsitoli
127802,1278,12.78.02,Gunungsitoli Selatan
127803,1278,12.78.03,Gunungsitoli Utara
127804,1278,12.78.04,Gunungsitoli Idanoi
127805,1278,12.78.05,Gunungsitoli Alo'oa
127806,1278,12.78.06,Gunungsitoli Barat
130101,1301,13.01.01,Pancung Soal
130102,1301,13.01.02,Ranah Pesisir
130103,1301,13.01.03,Lengayang
130104,1301,13.01.04,Batang Kapas
130105,1301,13.01.05,IV Jurai
130106,1301,13.01.06,Bayang
130107,1301,13.01.07,Koto XI Tarusan
130108,1301,13.01.08,Sutera
130109,1301,13.01.09,Linggo Sari Baganti
130110,1301,13.01.10,Lunang
130111,1301,13.01.11,Basa Ampek Balai Tapan
130112,1301,13.01.12,IV Nagari Bayang Utara
130113,1301,13.01.13,Airpura
130114,1301,13.01.14,Ranah Ampek Hulu Tapan
130115,1301,13.01.15,Silaut
130203,1302,13.02.03,Pantai Cermin
130204,1302,13.02.04,Lembah Gumanti
130205,1302,13.02.05,Payung Sekaki
130206,1302,13.02.06,Lembang Jaya
130207,1302,13.02.07,Gunung Talang
130208,1302,13.02.08,Bukit Sundi
130209,1302,13.02.09,IX Koto Sungai Lasi
130210,1302,13.02.10,Kubung
130211,1302,13.02.11,X Koto Singkarak
130212,1302,13.02.12,X Koto Diatas
130213,1302,13.02.13,Junjung Sirih
130217,1302,13.02.17,Hiliran Gumanti
130218,1302,13.02.18,Tigo Lurah
130219,1302,13.02.19,Danau Kembar
130303,1303,13.03.03,Tanjung Gadang
130304,1303,13.03.04,Sijunjung
130305,1303,13.03.05,IV Nagari
130306,1303,13.03.06,Kamang Baru
130307,1303,13.03.07,Lubuk Tarok
130308,1303,13.03.08,Koto VII
130309,1303,13.03.09,Sumpur Kudus
130310,1303,13.03.10,Kupitan
130401,1304,13.04.01,X Koto
130402,1304,13.04.02,Batipuh
130403,1304,13.04.03,Rambatan
130404,1304,13.04.04,Lima Kaum
130405,1304,13.04.05,Tanjung Emas
130406,1304,13.04.06,Lintau Buo
130407,1304,13.04.07,Sungayang
130408,1304,13.04.08,Sungai Tarab
130409,1304,13.04.09,Pariangan
130410,1304,13.04.10,Salimpaung
130411,1304,13.04.11,Padang Ganting
130412,1304,13.04.12,Tanjuang Baru
130413,1304,13.04.13,Lintau Buo Utara
130414,1304,13.04.14,Batipuah Selatan
130501,1305,13.05.01,Lubuak Aluang
130502,1305,13.05.02,Batang Anai
130503,1305,13.05.03,Nan Sabaris
130504,1305,13.05.04,2 x 11 Anam Lingkuang
130505,1305,13.05.05,VII Koto
130506,1305,13.05.06,V Koto
130507,1305,13.05.07,Sungai Garinggiang
130508,1305,13.05.08,Sungai Limau
130509,1305,13.05.09,IV Koto Aua Malintang
130510,1305,13.05.10,Ulakan Tapakih
130511,1305,13.05.11,Sintuak Toboh Gadang
130512,1305,13.05.12,VII Koto Padang Sago
130513,1305,13.05.13,Batang Gasan
130514,1305,13.05.14,V Koto Timur
130515,1305,13.05.15,2 x 11 Kayu Tanam
130516,1305,13.05.16,Koto Patamuan
130517,1305,13.05.17,Anam Lingkuang
130601,1306,13.06.01,Tanjung Mutiara
130602,1306,13.06.02,Lubuk Basung
130603,1306,13.06.03,Tanjung Raya
130604,1306,13.06.04,Matur
130605,1306,13.06.05,IV Koto
130606,1306,13.06.06,Banuhampu
130607,1306,13.06.07,Ampek Angkek
130608,1306,13.06.08,Baso
130609,1306,13.06.09,Tilatang Kamang
130610,1306,13.06.10,Palupuh
130611,1306,13.06.11,Palembayan
130612,1306,13.06.12,Sungai Pua
130613,1306,13.06.13,Ampek Nagari
130614,1306,13.06.14,Candung
130615,1306,13.06.15,Kamang Magek
130616,1306,13.06.16,Malalak
130701,1307,13.07.01,Suliki
130702,1307,13.07.02,Guguak
130703,1307,13.07.03,Payakumbuh
130704,1307,13.07.04,Luak
130705,1307,13.07.05,Harau
130706,1307,13.07.06,Pangkalan Koto Baru
130707,1307,13.07.07,Kapur IX
130708,1307,13.07.08,Gunuang Omeh
130709,1307,13.07.09,Lareh Sago Halaban
130710,1307,13.07.10,Situjuah Limo Nagari
130711,1307,13.07.11,Mungka
130712,1307,13.07.12,Bukik Barisan
130713,1307,13.07.13,Akabiluru
130804,1308,13.08.04,Bonjol
130805,1308,13.08.05,Lubuk Sikaping
130807,1308,13.08.07,Panti
130808,1308,13.08.08,Mapat Tunggul
130812,1308,13.08.12,Duo Koto
130813,1308,13.08.13,Tigo Nagari
130814,1308,13.08.14,Rao
130815,1308,13.08.15,Mapat Tunggul Selatan
130816,1308,13.08.16,Simpang Alahan Mati
130817,1308,13.08.17,Padang Gelugur
130818,1308,13.08.18,Rao Utara
130819,1308,13.08.19,Rao Selatan
130901,1309,13.09.01,Pagai Utara
130902,1309,13.09.02,Sipora Selatan
130903,1309,13.09.03,Siberut Selatan
130904,1309,13.09.04,Siberut Utara
130905,1309,13.09.05,Siberut Barat
130906,1309,13.09.06,Siberut Barat Daya
130907,1309,13.09.07,Siberut Tengah
130908,1309,13.09.08,Sipora Utara
130909,1309,13.09.09,Sikakap
130910,1309,13.09.10,Pagai Selatan
131001,1310,13.10.01,Koto Baru
131002,1310,13.10.02,Pulau Punjung
131003,1310,13.10.03,Sungai Rumbai
131004,1310,13.10.04,Sitiung
131005,1310,13.10.05,Sembilan Koto
131006,1310,13.10.06,Timpeh
131007,1310,13.10.07,Koto Salak
131008,1310,13.10.08,Tiumang
131009,1310,13.10.09,Padang Laweh
131010,1310,13.10.10,Asam Jujuhan
131011,1310,13.10.11,Koto Besar
131101,1311,13.11.01,Sangir
131102,1311,13.11.02,Sungai Pagu
131103,1311,13.11.03,Koto Parik Gadang Diateh
131104,1311,13.11.04,Sangir Jujuan
131105,1311,13.11.05,Sangir Batang Hari
131106,1311,13.11.06,Pauh Duo
131107,1311,13.11.07,Sangir Balai Janggo
131201,1312,13.12.01,Sungai Beremas
131202,1312,13.12.02,Lembah Melintang
131203,1312,13.12.03,Pasaman
131204,1312,13.12.04,Talamau
131205,1312,13.12.05,Kinali
131206,1312,13.12.06,Gunung Tuleh
131207,1312,13.12.07,Ranah Batahan
131208,1312,13.12.08,Koto Balingka
131209,1312,13.12.09,Sungai Aur
131210,1312,13.12.10,Luhak Nan Duo
131211,1312,13.12.11,Sasak Ranah Pasisie
137101,1371,13.71.01,Padang Selatan
137102,1371,13.71.02,Padang Timur
137103,1371,13.71.03,Padang Barat
137104,1371,13.71.04,Padang Utara
137105,1371,13.71.05,Bungus Teluk Kabung
137106,1371,13.71.06,Lubuk Begalung
137107,1371,13.71.07,Lubuk Kilangan
137108,1371,13.71.08,Pauh
137109,1371,13.71.09,Kuranji
137110,1371,13.71.10,Nanggalo
137111,1371,13.71.11,Koto Tangah
137201,1372,13.72.01,Lubuk Sikarah
137202,1372,13.72.02,Tanjung Harapan
137301,1373,13.73.01,Lembah Segar
137302,1373,13.73.02,Barangin
137303,1373,13.73.03,Silungkang
137304,1373,13.73.04,Talawi
137401,1374,13.74.01,Padang Panjang Timur
137402,1374,13.74.02,Padang Panjang Barat
137501,1375,13.75.01,Guguak Panjang
137502,1375,13.75.02,Mandiangin Koto Selayan
137503,1375,13.75.03,Aur Birugo Tigo Baleh
137601,1376,13.76.01,Payakumbuh Barat
137602,1376,13.76.02,Payakumbuh Utara
137603,1376,13.76.03,Payakumbuh Timur
137604,1376,13.76.04,Lamposi Tigo Nagori
137605,1376,13.76.05,Payakumbuh Selatan
137701,1377,13.77.01,Pariaman Tengah
137702,1377,13.77.02,Pariaman Utara
137703,1377,13.77.03,Pariaman Selatan
137704,1377,13.77.04,Pariaman Timur
140101,1401,14.01.01,Bangkinang Kota
140102,1401,14.01.02,Kampar
140103,1401,14.01.03,Tambang
140104,1401,14.01.04,XIII Koto Kampar
140105,1401,14.01.05,Kuok
140106,1401,14.01.06,Siak Hulu
140107,1401,14.01.07,Kampar Kiri
140108,1401,14.01.08,Kampar Kiri Hilir
140109,1401,14.01.09,Kampar Kiri Hulu
140110,1401,14.01.10,Tapung
140111,1401,14.01.11,Tapung Hilir
140112,1401,14.01.12,Tapung Hulu
140113,1401,14.01.13,Salo
140114,1401,14.01.14,Rumbio Jaya
140115,1401,14.01.15,Bangkinang
140116,1401,14.01.16,Perhentian Raja
140117,1401,14.01.17,Kampa
140118,1401,14.01.18,Kampar Utara
140119,1401,14.01.19,Kampar Kiri Tengah
140120,1401,14.01.20,Gunung Sahilan
140121,1401,14.01.21,Koto Kampar Hulu
140201,1402,14.02.01,Rengat
140202,1402,14.02.02,Rengat Barat
140203,1402,14.02.03,Kelayang
140204,1402,14.02.04,Pasir Penyu
140205,1402,14.02.05,Peranap
140206,1402,14.02.06,Seberida
140207,1402,14.02.07,Batang Cenaku
140208,1402,14.02.08,Batang Gansal
140209,1402,14.02.09,Lirik
140210,1402,14.02.10,Kuala Cenaku
140211,1402,14.02.11,Sungai Lala
140212,1402,14.02.12,Lubuk Batu Jaya
140213,1402,14.02.13,Rakit Kulim
140214,1402,14.02.14,Batang Peranap
140301,1403,14.03.01,Bengkalis
140302,1403,14.03.02,Bantan
140303,1403,14.03.03,Bukit Batu
140309,1403,14.03.09,Mandau
140310,1403,14.03.10,Rupat
140311,1403,14.03.11,Rupat Utara
140312,1403,14.03.12,Siak Kecil
140313,1403,14.03.13,Pinggir
140314,1403,14.03.14,Bandar Laksamana
140315,1403,14.03.15,Talang Muandau
140316,1403,14.03.16,Bathin Solapan
140401,1404,14.04.01,Reteh
140402,1404,14.04.02,Enok
140403,1404,14.04.03,Kuala Indragiri
140404,1404,14.04.04,Tembilahan
140405,1404,14.04.05,Tempuling
140406,1404,14.04.06,Gaung Anak Serka
140407,1404,14.04.07,Mandah
140408,1404,14.04.08,Kateman
140409,1404,14.04.09,Keritang
140410,1404,14.04.10,Tanah Merah
140411,1404,14.04.11,Batang Tuaka
140412,1404,14.04.12,Gaung
140413,1404,14.04.13,Tembilahan Hulu
140414,1404,14.04.14,Kemuning
140415,1404,14.04.15,Pelangiran
140416,1404,14.04.16,Teluk Belengkong
140417,1404,14.04.17,Pulau Burung
140418,1404,14.04.18,Concong
140419,1404,14.04.19,Kempas
140420,1404,14.04.20,Sungai Batang
140501,1405,14.05.01,Ukui
140502,1405,14.05.02,Pangkalan Kerinci
140503,1405,14.05.03,Pangkalan Kuras
140504,1405,14.05.04,Pangkalan Lesung
140505,1405,14.05.05,Langgam
140506,1405,14.05.06,Pelalawan
140507,1405,14.05.07,Kerumutan
140508,1405,14.05.08,Bunut
140509,1405,14.05.09,Teluk Meranti
140510,1405,14.05.10,Kuala Kampar
140511,1405,14.05.11,Bandar Sei Kijang
140512,1405,14.05.12,Bandar Petalangan
140601,1406,14.06.01,Ujung Batu
140602,1406,14.06.02,Rokan IV Koto
140603,1406,14.06.03,Rambah
140604,1406,14.06.04,Tambusai
140605,1406,14.06.05,Kepenuhan
140606,1406,14.06.06,Kunto Darussalam
140607,1406,14.06.07,Rambah Samo
140608,1406,14.06.08,Rambah Hilir
140609,1406,14.06.09,Tambusai Utara
140610,1406,14.06.10,Bangun Purba
140611,1406,14.06.11,Tandun
140612,1406,14.06.12,Kabun
140613,1406,14.06.13,Bonai Darussalam
140614,1406,14.06.14,Pagaran Tapah Darussalam
140615,1406,14.06.15,Kepenuhan Hulu
140616,1406,14.06.16,Pendalian IV Koto
140701,1407,14.07.01,Kubu
140702,1407,14.07.02,Bangko
140703,1407,14.07.03,Tanah Putih
140704,1407,14.07.04,Rimba Melintang
140705,1407,14.07.05,Bagansinembah
140706,1407,14.07.06,Pasir Limau Kapas
140707,1407,14.07.07,Sinaboi
140708,1407,14.07.08,Pujud
140709,1407,14.07.09,Tanah Putih Tanjung Melawan
140710,1407,14.07.10,Bangko Pusako
140711,1407,14.07.11,Simpang Kanan
140712,1407,14.07.12,Batu Hampar
140713,1407,14.07.13,Rantau Kopar
140714,1407,14.07.14,Pekaitan
140715,1407,14.07.15,Kubu Babussalam
140716,1407,14.07.16,Tanjung Medan
140717,1407,14.07.17,Bagan Sinembah Raya
140718,1407,14.07.18,Balai Jaya
140801,1408,14.08.01,Siak
140802,1408,14.08.02,Sungai Apit
140803,1408,14.08.03,Minas
140804,1408,14.08.04,Tualang
140805,1408,14.08.05,Sungai Mandau
140806,1408,14.08.06,Dayun
140807,1408,14.08.07,Kerinci Kanan
140808,1408,14.08.08,Bunga Raya
140809,1408,14.08.09,Koto Gasib
140810,1408,14.08.10,Kandis
140811,1408,14.08.11,Lubuk Dalam
140812,1408,14.08.12,Sabak Auh
140813,1408,14.08.13,Mempura
140814,1408,14.08.14,Pusako
140901,1409,14.09.01,Kuantan Mudik
140902,1409,14.09.02,Kuantan Tengah
140903,1409,14.09.03,Singingi
140904,1409,14.09.04,Kuantan Hilir
140905,1409,14.09.05,Cerenti
140906,1409,14.09.06,Benai
140907,1409,14.09.07,Gunungtoar
140908,1409,14.09.08,Singingi Hilir
140909,1409,14.09.09,Pangean
140910,1409,14.09.10,Logas Tanah Darat
140911,1409,14.09.11,Inuman
140912,1409,14.09.12,Hulu Kuantan
140913,1409,14.09.13,Kuantan Hilir Seberang
140914,1409,14.09.14,Sentajo Raya
140915,1409,14.09.15,Pucuk Rantau
141001,1410,14.10.01,Tebing Tinggi
141002,1410,14.10.02,Rangsang Barat
141003,1410,14.10.03,Rangsang
141004,1410,14.10.04,Tebing Tinggi Barat
141005,1410,14.10.05,Merbau
141006,1410,14.10.06,Pulaumerbau
141007,1410,14.10.07,Tebing Tinggi Timur
141008,1410,14.10.08,Tasik Putri Puyu
141009,1410,14.10.09,Rangsang Pesisir
147101,1471,14.71.01,Sukajadi
147102,1471,14.71.02,Pekanbaru Kota
147103,1471,14.71.03,Sail
147104,1471,14.71.04,Limapuluh
147105,1471,14.71.05,Senapelan
147106,1471,14.71.06,Rumbai Barat
147107,1471,14.71.07,Bukit Raya
147108,1471,14.71.08,Binawidya
147109,1471,14.71.09,Marpoyan Damai
147110,1471,14.71.10,Tenayan Raya
147111,1471,14.71.11,Payung Sekaki
147112,1471,14.71.12,Rumbai
147113,1471,14.71.13,Tuahmadani
147114,1471,14.71.14,Kulim
147115,1471,14.71.15,Rumbai Timur
147201,1472,14.72.01,Dumai Barat
147202,1472,14.72.02,Dumai Timur
147203,1472,14.72.03,Bukit Kapur
147204,1472,14.72.04,Sungai Sembilan
147205,1472,14.72.05,Medang Kampai
147206,1472,14.72.06,Dumai Kota
147207,1472,14.72.07,Dumai Selatan
150101,1501,15.01.01,Gunung Raya
150102,1501,15.01.02,Danau Kerinci
150104,1501,15.01.04,Sitinjau Laut
150105,1501,15.01.05,Air Hangat
150106,1501,15.01.06,Gunung Kerinci
150107,1501,15.01.07,Batang Merangin
150108,1501,15.01.08,Keliling Danau
150109,1501,15.01.09,Kayu Aro
150111,1501,15.01.11,Air Hangat Timur
150115,1501,15.01.15,Gunung Tujuh
150116,1501,15.01.16,Siulak
150117,1501,15.01.17,Depati Tujuh
150118,1501,15.01.18,Siulak Mukai
150119,1501,15.01.19,Kayu Aro Barat
150120,1501,15.01.20,Bukit Kerman
150121,1501,15.01.21,Air Hangat Barat
150122,1501,15.01.22,Tanah Cogok
150123,1501,15.01.23,Danau Kerinci Barat
150201,1502,15.02.01,Jangkat
150202,1502,15.02.02,Bangko
150203,1502,15.02.03,Muara Siau
150204,1502,15.02.04,Sungai Manau
150205,1502,15.02.05,Tabir
150206,1502,15.02.06,Pamenang
150207,1502,15.02.07,Tabir Ulu
150208,1502,15.02.08,Tabir Selatan
150209,1502,15.02.09,Lembah Masurai
150210,1502,15.02.10,Bangko Barat
150211,1502,15.02.11,Nalo Tantan
150212,1502,15.02.12,Batang Masumai
150213,1502,15.02.13,Pamenang Barat
150214,1502,15.02.14,Tabir Ilir
150215,1502,15.02.15,Tabir Timur
150216,1502,15.02.16,Renah Pembarap
150217,1502,15.02.17,Pangkalan Jambu
150218,1502,15.02.18,Jangkat Timur
150219,1502,15.02.19,Renah Pamenang
150220,1502,15.02.20,Pamenang Selatan
150221,1502,15.02.21,Margo Tabir
150222,1502,15.02.22,Tabir Lintas
150223,1502,15.02.23,Tabir Barat
150224,1502,15.02.24,Tiang Pumpung
150301,1503,15.03.01,Batang Asai
150302,1503,15.03.02,Limun
150303,1503,15.03.03,Sarolangun
150304,1503,15.03.04,Pauh
150305,1503,15.03.05,Pelawan
150306,1503,15.03.06,Mandiangin
150307,1503,15.03.07,Air Hitam
150308,1503,15.03.08,Bathin VIII
150309,1503,15.03.09,Singkut
150310,1503,15.03.10,Cermin Nan Gedang
150311,1503,15.03.11,Mandiangin Timur
150401,1504,15.04.01,Mersam
150402,1504,15.04.02,Muara Tembesi
150403,1504,15.04.03,Muara Bulian
150404,1504,15.04.04,Batin XXIV
150405,1504,15.04.05,Pemayung
150406,1504,15.04.06,Maro Sebo Ulu
150407,1504,15.04.07,Bajubang
150408,1504,15.04.08,Maro Sebo Ilir
150501,1505,15.05.01,Jambi Luar Kota
150502,1505,15.05.02,Sekernan
150503,1505,15.05.03,Kumpeh
150504,1505,15.05.04,Maro Sebo
150505,1505,15.05.05,Mestong
150506,1505,15.05.06,Kumpeh Ulu
150507,1505,15.05.07,Sungai Bahar
150508,1505,15.05.08,Sungai Gelam
150509,1505,15.05.09,Bahar Utara
150510,1505,15.05.10,Bahar Selatan
150511,1505,15.05.11,Taman Rajo
150601,1506,15.06.01,Tungkal Ulu
150602,1506,15.06.02,Tungkal Ilir
150603,1506,15.06.03,Pengabuan
150604,1506,15.06.04,Betara
150605,1506,15.06.05,Merlung
150606,1506,15.06.06,Tebing Tinggi
150607,1506,15.06.07,Batang Asam
150608,1506,15.06.08,Renah Mendaluh
150609,1506,15.06.09,Muara Papalik
150610,1506,15.06.10,Seberang Kota
150611,1506,15.06.11,Bram Itam
150612,1506,15.06.12,Kuala Betara
150613,1506,15.06.13,Senyerang
150701,1507,15.07.01,Muara Sabak Timur
150702,1507,15.07.02,Nipah Panjang
150703,1507,15.07.03,Mendahara
150704,1507,15.07.04,Rantau Rasau
150705,1507,15.07.05,Sadu
150706,1507,15.07.06,Dendang
150707,1507,15.07.07,Muara Sabak Barat
150708,1507,15.07.08,Kuala Jambi
150709,1507,15.07.09,Mendahara Ulu
150710,1507,15.07.10,Geragai
150711,1507,15.07.11,Berbak
150801,1508,15.08.01,Tanah Tumbuh
150802,1508,15.08.02,Rantau Pandan
150803,1508,15.08.03,Pasar Muaro Bungo
150804,1508,15.08.04,Jujuhan
150805,1508,15.08.05,Tanah Sepenggal
150806,1508,15.08.06,Pelepat
150807,1508,15.08.07,Limbur Lubuk Mengkuang
150808,1508,15.08.08,Muko-muko Bathin VII
150809,1508,15.08.09,Pelepat Ilir
150810,1508,15.08.10,Batin II Babeko
150811,1508,15.08.11,Bathin III
150812,1508,15.08.12,Bungo Dani
150813,1508,15.08.13,Rimbo Tengah
150814,1508,15.08.14,Bathin III Ulu
150815,1508,15.08.15,Bathin II Pelayang
150816,1508,15.08.16,Jujuhan Ilir
150817,1508,15.08.17,Tanah Sepenggal Lintas
150901,1509,15.09.01,Tebo Tengah
150902,1509,15.09.02,Tebo Ilir
150903,1509,15.09.03,Tebo Ulu
150904,1509,15.09.04,Rimbo Bujang
150905,1509,15.09.05,Sumay
150906,1509,15.09.06,VII Koto
150907,1509,15.09.07,Rimbo Ulu
150908,1509,15.09.08,Rimbo Ilir
150909,1509,15.09.09,Tengah Ilir
150910,1509,15.09.10,Serai Serumpun
150911,1509,15.09.11,VII Koto Ilir
150912,1509,15.09.12,Muara Tabir
157101,1571,15.71.01,Telanaipura
157102,1571,15.71.02,Jambi Selatan
157103,1571,15.71.03,Jambi Timur
157104,1571,15.71.04,Pasar Jambi
157105,1571,15.71.05,Pelayangan
157106,1571,15.71.06,Danau Teluk
157107,1571,15.71.07,Kota Baru
157108,1571,15.71.08,Jelutung
157109,1571,15.71.09,Alam Barajo
157110,1571,15.71.10,Danau Sipin
157111,1571,15.71.11,Paal Merah
157201,1572,15.72.01,Sungai Penuh
157202,1572,15.72.02,Pesisir Bukit
157203,1572,15.72.03,Hamparan Rawang
157204,1572,15.72.04,Tanah Kampung
157205,1572,15.72.05,Kumun Debai
157206,1572,15.72.06,Pondok Tinggi
157207,1572,15.72.07,Koto Baru
157208,1572,15.72.08,Sungai Bungkal
160107,1601,16.01.07,Sosoh Buay Rayap
160108,1601,16.01.08,Pengandonan
160109,1601,16.01.09,Peninjauan
160113,1601,16.01.13,Baturaja Barat
160114,1601,16.01.14,Baturaja Timur
160120,1601,16.01.20,Ulu Ogan
160121,1601,16.01.21,Semidang Aji
160122,1601,16.01.22,Lubuk Batang
160128,1601,16.01.28,Lengkiti
160129,1601,16.01.29,Sinar Peninjauan
160130,1601,16.01.30,Lubuk Raja
160131,1601,16.01.31,Muara Jaya
160132,1601,16.01.32,Kedaton Peninjauan Raya
160202,1602,16.02.02,Tanjung Lubuk
160203,1602,16.02.03,Pedamaran
160204,1602,16.02.04,Mesuji
160205,1602,16.02.05,Kayu Agung
160208,1602,16.02.08,Sirah Pulau Padang
160211,1602,16.02.11,Tulung Selapan
160212,1602,16.02.12,Pampangan
160213,1602,16.02.13,Lempuing
160214,1602,16.02.14,Air Sugihan
160215,1602,16.02.15,Sungai Menang
160217,1602,16.02.17,Jejawi
160218,1602,16.02.18,Cengal
160219,1602,16.02.19,Pangkalan Lampam
160220,1602,16.02.20,Mesuji Makmur
160221,1602,16.02.21,Mesuji Raya
160222,1602,16.02.22,Lempuing Jaya
160223,1602,16.02.23,Teluk Gelam
160224,1602,16.02.24,Pedamaran Timur
160301,1603,16.03.01,Tanjung Agung
160302,1603,16.03.02,Muara Enim
160303,1603,16.03.03,Rambang Niru
160304,1603,16.03.04,Gunung Megang
160306,1603,16.03.06,Gelumbang
160307,1603,16.03.07,Lawang Kidul
160308,1603,16.03.08,Semende Darat Laut
160309,1603,16.03.09,Semende Darat Tengah
160310,1603,16.03.10,Semende Darat Ulu
160311,1603,16.03.11,Ujan Mas
160314,1603,16.03.14,Lubai
160315,1603,16.03.15,Rambang
160316,1603,16.03.16,Sungai Rotan
160317,1603,16.03.17,Lembak
160319,1603,16.03.19,Benakat
160321,1603,16.03.21,Kelekar
160322,1603,16.03.22,Muara Belida
160323,1603,16.03.23,Belimbing
160324,1603,16.03.24,Belida Darat
160325,1603,16.03.25,Lubai Ulu
160326,1603,16.03.26,Empat Petulai Dangku
160327,1603,16.03.27,Panang Enim
160401,1604,16.04.01,Tanjungsakti Pumu
160406,1604,16.04.06,Jarai
160407,1604,16.04.07,Kota Agung
160408,1604,16.04.08,Pulau Pinang
160409,1604,16.04.09,Merapi Barat
160410,1604,16.04.10,Lahat
160412,1604,16.04.12,Pajar Bulan
160415,1604,16.04.15,Mulak Ulu
160416,1604,16.04.16,Kikim Selatan
160417,1604,16.04.17,Kikim Timur
160418,1604,16.04.18,Kikim Tengah
160419,1604,16.04.19,Kikim Barat
160420,1604,16.04.20,Pseksu
160421,1604,16.04.21,Gumay Talang
160422,1604,16.04.22,Pagar Gunung
160423,1604,16.04.23,Merapi Timur
160424,1604,16.04.24,Tanjung Sakti Pumi
160425,1604,16.04.25,Gumay Ulu
160426,1604,16.04.26,Merapi Selatan
160427,1604,16.04.27,Tanjungtebat
160428,1604,16.04.28,Muarapayang
160429,1604,16.04.29,Sukamerindu
160430,1604,16.04.30,Mulak Sebingkai
160431,1604,16.04.31,Lahat Selatan
160501,1605,16.05.01,Tugumulyo
160502,1605,16.05.02,Muara Lakitan
160503,1605,16.05.03,Muara Kelingi
160508,1605,16.05.08,Jayaloka
160509,1605,16.05.09,Muara Beliti
160510,1605,16.05.10,STL Ulu Terawas
160511,1605,16.05.11,Selangit
160512,1605,16.05.12,Megang Sakti
160513,1605,16.05.13,Purwodadi
160514,1605,16.05.14,BTS. Ulu
160518,1605,16.05.18,Tiang Pumpung Kepungut
160519,1605,16.05.19,Sumber Harta
160520,1605,16.05.20,Tuah Negeri
160521,1605,16.05.21,Suka Karya
160601,1606,16.06.01,Sekayu
160602,1606,16.06.02,Lais
160603,1606,16.06.03,Sungai Keruh
160604,1606,16.06.04,Batang Hari Leko
160605,1606,16.06.05,Sanga Desa
160606,1606,16.06.06,Babat Toman
160607,1606,16.06.07,Sungai Lilin
160608,1606,16.06.08,Keluang
160609,1606,16.06.09,Bayung Lencir
160610,1606,16.06.10,Plakat Tinggi
160611,1606,16.06.11,Lalan
160612,1606,16.06.12,Tungkal Jaya
160613,1606,16.06.13,Lawan Wetan
160614,1606,16.06.14,Babat Supat
160615,1606,16.06.15,Jirak Jaya
160701,1607,16.07.01,Banyuasin I
160702,1607,16.07.02,Banyuasin II
160703,1607,16.07.03,Banyuasin III
160704,1607,16.07.04,Pulau Rimau
160705,1607,16.07.05,Betung
160706,1607,16.07.06,Rambutan
160707,1607,16.07.07,Muara Padang
160708,1607,16.07.08,Muara Telang
160709,1607,16.07.09,Makarti Jaya
160710,1607,16.07.10,Talang Kelapa
160711,1607,16.07.11,Rantau Bayur
160712,1607,16.07.12,Tanjung Lago
160713,1607,16.07.13,Muara Sugihan
160714,1607,16.07.14,Air Salek
160715,1607,16.07.15,Tungkal Ilir
160716,1607,16.07.16,Suak Tapeh
160717,1607,16.07.17,Sembawa
160718,1607,16.07.18,Sumber Marga Telang
160719,1607,16.07.19,Air Kumbang
160720,1607,16.07.20,Karang Agung Ilir
160721,1607,16.07.21,Selat Penuguan
160801,1608,16.08.01,Martapura
160802,1608,16.08.02,Buay Madang
160803,1608,16.08.03,Belitang
160804,1608,16.08.04,Cempaka
160805,1608,16.08.05,Buay Pemuka Peliung
160806,1608,16.08.06,Madang Suku II
160807,1608,16.08.07,Madang Suku I
160808,1608,16.08.08,Semendawai Suku III
160809,1608,16.08.09,Belitang II
160810,1608,16.08.10,Belitang III
160811,1608,16.08.11,Bunga Mayang
160812,1608,16.08.12,Buay Madang Timur
160813,1608,16.08.13,Madang Suku III
160814,1608,16.08.14,Semendawai Barat
160815,1608,16.08.15,Semendawai Timur
160816,1608,16.08.16,Jayapura
160817,1608,16.08.17,Belitang Jaya
160818,1608,16.08.18,Belitang Madang Raya
160819,1608,16.08.19,Belitang Mulya
160820,1608,16.08.20,Buay Pemuka Bangsa Raja
160901,1609,16.09.01,Muara Dua
160902,1609,16.09.02,Pulau Beringin
160903,1609,16.09.03,Banding Agung
160904,1609,16.09.04,Muara Dua Kisam
160905,1609,16.09.05,Simpang
160906,1609,16.09.06,Buay Sandang Aji
160907,1609,16.09.07,Buay Runjung
160908,1609,16.09.08,Mekakau Ilir
160909,1609,16.09.09,Buay Pemaca
160910,1609,16.09.10,Kisam Tinggi
160911,1609,16.09.11,Kisam Ilir
160912,1609,16.09.12,Buay Pematang Ribu Ranau Tengah
160913,1609,16.09.13,Warkuk Ranau Selatan
160914,1609,16.09.14,Runjung Agung
160915,1609,16.09.15,Sungai Are
160916,1609,16.09.16,Sindang Danau
160917,1609,16.09.17,Buana Pemaca
160918,1609,16.09.18,Tiga Dihaji
160919,1609,16.09.19,Buay Rawan
161001,1610,16.10.01,Muara Kuang
161002,1610,16.10.02,Tanjung Batu
161003,1610,16.10.03,Tanjung Raja
161004,1610,16.10.04,Indralaya
161005,1610,16.10.05,Pemulutan
161006,1610,16.10.06,Rantau Alai
161007,1610,16.10.07,Indralaya Utara
161008,1610,16.10.08,Indralaya Selatan
161009,1610,16.10.09,Pemulutan Selatan
161010,1610,16.10.10,Pemulutan Barat
161011,1610,16.10.11,Rantau Panjang
161012,1610,16.10.12,Sungai Pinang
161013,1610,16.10.13,Kandis
161014,1610,16.10.14,Rambang Kuang
161015,1610,16.10.15,Lubuk Keliat
161016,1610,16.10.16,Payaraman
161101,1611,16.11.01,Muara Pinang
161102,1611,16.11.02,Pendopo
161103,1611,16.11.03,Ulu Musi
161104,1611,16.11.04,Tebing Tinggi
161105,1611,16.11.05,Lintang Kanan
161106,1611,16.11.06,Talang Padang
161107,1611,16.11.07,Pasemah Air Keruh
161108,1611,16.11.08,Sikap Dalam
161109,1611,16.11.09,Saling
161110,1611,16.11.10,Pendopo Barat
161201,1612,16.12.01,Talang Ubi
161202,1612,16.12.02,Penukal Utara
161203,1612,16.12.03,Penukal
161204,1612,16.12.04,Abab
161205,1612,16.12.05,Tanah Abang
161301,1613,16.13.01,Rupit
161302,1613,16.13.02,Rawas Ulu
161303,1613,16.13.03,Nibung
161304,1613,16.13.04,Rawas Ilir
161305,1613,16.13.05,Karang Dapo
161306,1613,16.13.06,Karang Jaya
161307,1613,16.13.07,Ulu Rawas
167101,1671,16.71.01,Ilir Barat Dua
167102,1671,16.71.02,Seberang Ulu Satu
167103,1671,16.71.03,Seberang Ulu Dua
167104,1671,16.71.04,Ilir Barat Satu
167105,1671,16.71.05,Ilir Timur Satu
167106,1671,16.71.06,Ilir Timur Dua
167107,1671,16.71.07,Sukarami
167108,1671,16.71.08,Sako
167109,1671,16.71.09,Kemuning
167110,1671,16.71.10,Kalidoni
167111,1671,16.71.11,Bukitkecil
167112,1671,16.71.12,Gandus
167113,1671,16.71.13,Kertapati
167114,1671,16.71.14,Plaju
167115,1671,16.71.15,Alang-alang Lebar
167116,1671,16.71.16,Sematangborang
167117,1671,16.71.17,Jakabaring
167118,1671,16.71.18,Ilir Timur Tiga
167201,1672,16.72.01,Pagar Alam Utara
167202,1672,16.72.02,Pagar Alam Selatan
167203,1672,16.72.03,Dempo Utara
167204,1672,16.72.04,Dempo Selatan
167205,1672,16.72.05,Dempo Tengah
167301,1673,16.73.01,Lubuk Linggau Timur I
167302,1673,16.73.02,Lubuk Linggau Barat I
167303,1673,16.73.03,Lubuk Linggau Selatan I
167304,1673,16.73.04,Lubuk Linggau Utara I
167305,1673,16.73.05,Lubuk Linggau Timur II
167306,1673,16.73.06,Lubuk Linggau Barat II
167307,1673,16.73.07,Lubuk Linggau Selatan II
167308,1673,16.73.08,Lubuk Linggau Utara II
167401,1674,16.74.01,Prabumulih Barat
167402,1674,16.74.02,Prabumulih Timur
167403,1674,16.74.03,Cambai
167404,1674,16.74.04,Rambang Kapak Tengah
167405,1674,16.74.05,Prabumulih Utara
167406,1674,16.74.06,Prabumulih Selatan
170101,1701,17.01.01,Kedurang
170102,1701,17.01.02,Seginim
170103,1701,17.01.03,Pino
170104,1701,17.01.04,Manna
170105,1701,17.01.05,Kota Manna
170106,1701,17.01.06,Pino Raya
170107,1701,17.01.07,Kedurang Ilir
170108,1701,17.01.08,Air Nipis
170109,1701,17.01.09,Ulu Manna
170110,1701,17.01.10,Bunga Mas
170111,1701,17.01.11,Pasar Manna
170206,1702,17.02.06,Kota Padang
170207,1702,17.02.07,Padang Ulak Tanding
170208,1702,17.02.08,Sindang Kelingi
170209,1702,17.02.09,Curup
170210,1702,17.02.10,Bermani Ulu
170211,1702,17.02.11,Selupu Rejang
170216,1702,17.02.16,Curup Utara
170217,1702,17.02.17,Curup Timur
170218,1702,17.02.18,Curup Selatan
170219,1702,17.02.19,Curup Tengah
170220,1702,17.02.20,Binduriang
170221,1702,17.02.21,Sindang Beliti Ulu
170222,1702,17.02.22,Sindang Dataran
170223,1702,17.02.23,Sindang Beliti Ilir
170224,1702,17.02.24,Bermani Ulu Raya
170301,1703,17.03.01,Enggano
170306,1703,17.03.06,Kerkap
170307,1703,17.03.07,Kota Arga Makmur
170308,1703,17.03.08,Giri Mulya
170309,1703,17.03.09,Padang Jaya
170310,1703,17.03.10,Lais
170311,1703,17.03.11,Batik Nau
170312,1703,17.03.12,Ketahun
170313,1703,17.03.13,Napal Putih
170314,1703,17.03.14,Putri Hijau
170315,1703,17.03.15,Air Besi
170316,1703,17.03.16,Air Napal
170319,1703,17.03.19,Hulu Palik
170320,1703,17.03.20,Air Padang
170321,1703,17.03.21,Arma Jaya
170322,1703,17.03.22,Tanjung Agung Palik
170323,1703,17.03.23,Ulok Kupai
170324,1703,17.03.24,Pinang Raya
170325,1703,17.03.25,Marga Sakti Sebelat
170401,1704,17.04.01,Kinal
170402,1704,17.04.02,Tanjung Kemuning
170403,1704,17.04.03,Kaur Utara
170404,1704,17.04.04,Kaur Tengah
170405,1704,17.04.05,Kaur Selatan
170406,1704,17.04.06,Maje
170407,1704,17.04.07,Nasal
170408,1704,17.04.08,Semidang Gumay
170409,1704,17.04.09,Kelam Tengah
170410,1704,17.04.10,Luas
170411,1704,17.04.11,Muara Sahung
170412,1704,17.04.12,Tetap
170413,1704,17.04.13,Lungkang Kule
170414,1704,17.04.14,Padang Guci Hilir
170415,1704,17.04.15,Padang Guci Hulu
170501,1705,17.05.01,Sukaraja
170502,1705,17.05.02,Seluma
170503,1705,17.05.03,Talo
170504,1705,17.05.04,Semidang Alas
170505,1705,17.05.05,Semidang Alas Maras
170506,1705,17.05.06,Air Periukan
170507,1705,17.05.07,Lubuk Sandi
170508,1705,17.05.08,Seluma Barat
170509,1705,17.05.09,Seluma Timur
170510,1705,17.05.10,Seluma Utara
170511,1705,17.05.11,Seluma Selatan
170512,1705,17.05.12,Talo Kecil
170513,1705,17.05.13,Ulu Talo
170514,1705,17.05.14,Ilir Talo
170601,1706,17.06.01,Lubuk Pinang
170602,1706,17.06.02,Kota Mukomuko
170603,1706,17.06.03,Teras Terunjam
170604,1706,17.06.04,Pondok Suguh
170605,1706,17.06.05,Ipuh
170606,1706,17.06.06,Malin Deman
170607,1706,17.06.07,Air Rami
170608,1706,17.06.08,Teramang Jaya
170609,1706,17.06.09,Selagan Raya
170610,1706,17.06.10,Penarik
170611,1706,17.06.11,XIV Koto
170612,1706,17.06.12,V Koto
170613,1706,17.06.13,Air Manjunto
170614,1706,17.06.14,Air Dikit
170615,1706,17.06.15,Sungai Rumbai
170701,1707,17.07.01,Lebong Utara
170702,1707,17.07.02,Lebong Atas
170703,1707,17.07.03,Lebong Tengah
170704,1707,17.07.04,Lebong Selatan
170705,1707,17.07.05,Rimbo Pengadang
170706,1707,17.07.06,Topos
170707,1707,17.07.07,Bingin Kuning
170708,1707,17.07.08,Lebong Sakti
170709,1707,17.07.09,Tubei
170710,1707,17.07.10,Amen
170711,1707,17.07.11,Uram Jaya
170712,1707,17.07.12,Pinang Belapis
170801,1708,17.08.01,Bermani Ilir
170802,1708,17.08.02,Ujan Mas
170803,1708,17.08.03,Tebat Karai
170804,1708,17.08.04,Kepahiang
170805,1708,17.08.05,Merigi
170806,1708,17.08.06,Kebawetan
170807,1708,17.08.07,Seberang Musi
170808,1708,17.08.08,Muara Kemumu
170901,1709,17.09.01,Karang Tinggi
170902,1709,17.09.02,Talang Empat
170903,1709,17.09.03,Pondok Kelapa
170904,1709,17.09.04,Pematang Tiga
170905,1709,17.09.05,Pagar Jati
170906,1709,17.09.06,Taba Penanjung
170907,1709,17.09.07,Merigi Kelindang
170908,1709,17.09.08,Merigi Sakti
170909,1709,17.09.09,Pondok Kubang
170910,1709,17.09.10,Bang Haji
170911,1709,17.09.11,Semidang Lagan
177101,1771,17.71.01,Selebar
177102,1771,17.71.02,Gading Cempaka
177103,1771,17.71.03,Teluk Segara
177104,1771,17.71.04,Muara Bangka Hulu
177105,1771,17.71.05,Kampung Melayu
177106,1771,17.71.06,Ratu Agung
177107,1771,17.71.07,Ratu Samban
177108,1771,17.71.08,Sungai Serut
177109,1771,17.71.09,Singaran Pati
180104,1801,18.01.04,Natar
180105,1801,18.01.05,Tanjung Bintang
180106,1801,18.01.06,Kalianda
180107,1801,18.01.07,Sidomulyo
180108,1801,18.01.08,Katibung
180109,1801,18.01.09,Penengahan
180110,1801,18.01.10,Palas
180113,1801,18.01.13,Jati Agung
180114,1801,18.01.14,Ketapang
180115,1801,18.01.15,Sragi
180116,1801,18.01.16,Raja Basa
180117,1801,18.01.17,Candipuro
180118,1801,18.01.18,Merbau Mataram
180121,1801,18.01.21,Bakauheni
180122,1801,18.01.22,Tanjung Sari
180123,1801,18.01.23,Way Sulan
180124,1801,18.01.24,Way Panji
180201,1802,18.02.01,Kalirejo
180202,1802,18.02.02,Bangun Rejo
180203,1802,18.02.03,Padang Ratu
180204,1802,18.02.04,Gunung Sugih
180205,1802,18.02.05,Trimurjo
180206,1802,18.02.06,Punggur
180207,1802,18.02.07,Terbanggi Besar
180208,1802,18.02.08,Seputih Raman
180209,1802,18.02.09,Rumbia
180210,1802,18.02.10,Seputih Banyak
180211,1802,18.02.11,Seputih Mataram
180212,1802,18.02.12,Seputih Surabaya
180213,1802,18.02.13,Terusan Nunyai
180214,1802,18.02.14,Bumi Ratu Nuban
180215,1802,18.02.15,Bekri
180216,1802,18.02.16,Seputih Agung
180217,1802,18.02.17,Way Pengubuan
180218,1802,18.02.18,Bandar Mataram
180219,1802,18.02.19,Pubian
180220,1802,18.02.20,Selagai Lingga
180221,1802,18.02.21,Anak Tuha
180222,1802,18.02.22,Sendang Agung
180223,1802,18.02.23,Kota Gajah
180224,1802,18.02.24,Bumi Nabung
180225,1802,18.02.25,Way Seputih
180226,1802,18.02.26,Bandar Surabaya
180227,1802,18.02.27,Anak Ratu Aji
180228,1802,18.02.28,Putra Rumbia
180301,1803,18.03.01,Bukit Kemuning
180302,1803,18.03.02,Kotabumi
180303,1803,18.03.03,Sungkai Selatan
180304,1803,18.03.04,Tanjung Raja
180305,1803,18.03.05,Abung Timur
180306,1803,18.03.06,Abung Barat
180307,1803,18.03.07,Abung Selatan
180308,1803,18.03.08,Sungkai Utara
180309,1803,18.03.09,Kotabumi Utara
180310,1803,18.03.10,Kotabumi Selatan
180311,1803,18.03.11,Abung Tengah
180312,1803,18.03.12,Abung Tinggi
180313,1803,18.03.13,Abung Semuli
180314,1803,18.03.14,Abung Surakarta
180315,1803,18.03.15,Muara Sungkai
180316,1803,18.03.16,Bunga Mayang
180317,1803,18.03.17,Hulu Sungkai
180318,1803,18.03.18,Sungkai Tengah
180319,1803,18.03.19,Abung Pekurun
180320,1803,18.03.20,Sungkai Jaya
180321,1803,18.03.21,Sungkai Barat
180322,1803,18.03.22,Abung Kunang
180323,1803,18.03.23,Blambangan Pagar
180404,1804,18.04.04,Balik Bukit
180405,1804,18.04.05,Sumber Jaya
180406,1804,18.04.06,Belalau
180407,1804,18.04.07,Way Tenong
180408,1804,18.04.08,Sekincau
180409,1804,18.04.09,Suoh
180410,1804,18.04.10,Batu Brak
180411,1804,18.04.11,Sukau
180415,1804,18.04.15,Gedung Surian
180418,1804,18.04.18,Kebun Tebu
180419,1804,18.04.19,Air Hitam
180420,1804,18.04.20,Pagar Dewa
180421,1804,18.04.21,Batu Ketulis
180422,1804,18.04.22,Lumbok Seminung
180423,1804,18.04.23,Bandar Negeri Suoh
180502,1805,18.05.02,Menggala
180506,1805,18.05.06,Gedung Aji
180508,1805,18.05.08,Banjar Agung
180511,1805,18.05.11,Gedung Meneng
180512,1805,18.05.12,Rawa Jitu Selatan
180513,1805,18.05.13,Penawar Tama
180518,1805,18.05.18,Rawa Jitu Timur
180520,1805,18.05.20,Banjar Margo
180522,1805,18.05.22,Rawa Pitu
180523,1805,18.05.23,Penawar Aji
180525,1805,18.05.25,Dente Teladas
180526,1805,18.05.26,Meraksa Aji
180527,1805,18.05.27,Gedung Aji Baru
180529,1805,18.05.29,Banjar Baru
180530,1805,18.05.30,Menggala Timur
180601,1806,18.06.01,Kota Agung
180602,1806,18.06.02,Talang Padang
180603,1806,18.06.03,Wonosobo
180604,1806,18.06.04,Pulau Panggung
180609,1806,18.06.09,Cukuh Balak
180611,1806,18.06.11,Pugung
180612,1806,18.06.12,Semaka
180613,1806,18.06.13,Sumberejo
180615,1806,18.06.15,Ulu Belu
180616,1806,18.06.16,Pematang Sawa
180617,1806,18.06.17,Kelumbayan
180618,1806,18.06.18,Kota Agung Barat
180619,1806,18.06.19,Kota Agung Timur
180620,1806,18.06.20,Gisting
180621,1806,18.06.21,Gunung Alip
180624,1806,18.06.24,Limau
180625,1806,18.06.25,Bandar Negeri Semuong
180626,1806,18.06.26,Air Naningan
180627,1806,18.06.27,Bulok
180628,1806,18.06.28,Kelumbayan Barat
180701,1807,18.07.01,Sukadana
180702,1807,18.07.02,Labuhan Maringgai
180703,1807,18.07.03,Jabung
180704,1807,18.07.04,Pekalongan
180705,1807,18.07.05,Sekampung
180706,1807,18.07.06,Batanghari
180707,1807,18.07.07,Way Jepara
180708,1807,18.07.08,Purbolinggo
180709,1807,18.07.09,Raman Utara
180710,1807,18.07.10,Metro Kibang
180711,1807,18.07.11,Marga Tiga
180712,1807,18.07.12,Sekampung Udik
180713,1807,18.07.13,Batanghari Nuban
180714,1807,18.07.14,Bumi Agung
180715,1807,18.07.15,Bandar Sribhawono
180716,1807,18.07.16,Mataram Baru
180717,1807,18.07.17,Melinting
180718,1807,18.07.18,Gunung Pelindung
180719,1807,18.07.19,Pasir Sakti
180720,1807,18.07.20,Waway Karya
180721,1807,18.07.21,Labuhan Ratu
180722,1807,18.07.22,Braja Selebah
180723,1807,18.07.23,Way Bungur
180724,1807,18.07.24,Marga Sekampung
180801,1808,18.08.01,Blambangan Umpu
180802,1808,18.08.02,Kasui
180803,1808,18.08.03,Banjit
180804,1808,18.08.04,Baradatu
180805,1808,18.08.05,Bahuga
180806,1808,18.08.06,Pakuan Ratu
180807,1808,18.08.07,Negeri Agung
180808,1808,18.08.08,Way Tuba
180809,1808,18.08.09,Rebang Tangkas
180810,1808,18.08.10,Gunung Labuhan
180811,1808,18.08.11,Negara Batin
180812,1808,18.08.12,Negeri Besar
180813,1808,18.08.13,Buay Bahuga
180814,1808,18.08.14,Bumi Agung
180815,1808,18.08.15,Umpu Semenguk
180901,1809,18.09.01,Gedong Tataan
180902,1809,18.09.02,Negeri Katon
180903,1809,18.09.03,Tegineneng
180904,1809,18.09.04,Way Lima
180905,1809,18.09.05,Padang Cermin
180906,1809,18.09.06,Punduh Pidada
180907,1809,18.09.07,Kedondong
180908,1809,18.09.08,Marga Punduh
180909,1809,18.09.09,Way Khilau
180910,1809,18.09.10,Teluk Pandan
180911,1809,18.09.11,Way Ratai
181001,1810,18.10.01,Pringsewu
181002,1810,18.10.02,Gading Rejo
181003,1810,18.10.03,Ambarawa
181004,1810,18.10.04,Pardasuka
181005,1810,18.10.05,Pagelaran
181006,1810,18.10.06,Banyumas
181007,1810,18.10.07,Adiluwih
181008,1810,18.10.08,Sukoharjo
181009,1810,18.10.09,Pagelaran Utara
181101,1811,18.11.01,Mesuji
181102,1811,18.11.02,Mesuji Timur
181103,1811,18.11.03,Rawa Jitu Utara
181104,1811,18.11.04,Way Serdang
181105,1811,18.11.05,Simpang Pematang
181106,1811,18.11.06,Panca Jaya
181107,1811,18.11.07,Tanjung Raya
181201,1812,18.12.01,Tulang Bawang Tengah
181202,1812,18.12.02,Tumijajar
181203,1812,18.12.03,Tulang Bawang Udik
181204,1812,18.12.04,Gunung Terang
181205,1812,18.12.05,Gunung Agung
181206,1812,18.12.06,Way Kenanga
181207,1812,18.12.07,Lambu Kibang
181208,1812,18.12.08,Pagar Dewa
181209,1812,18.12.09,Batu Putih
181301,1813,18.13.01,Pesisir Tengah
181302,1813,18.13.02,Pesisir Selatan
181303,1813,18.13.03,Lemong
181304,1813,18.13.04,Pesisir Utara
181305,1813,18.13.05,Karya Penggawa
181306,1813,18.13.06,Pulau Pisang
181307,1813,18.13.07,Way Krui
181308,1813,18.13.08,Krui Selatan
181309,1813,18.13.09,Ngambur
181310,1813,18.13.10,Ngaras
181311,1813,18.13.11,Bangkunat
187101,1871,18.71.01,Kedaton
187102,1871,18.71.02,Sukarame
187103,1871,18.71.03,Tanjungkarang Barat
187104,1871,18.71.04,Panjang
187105,1871,18.71.05,Tanjungkarang Timur
187106,1871,18.71.06,Tanjungkarang Pusat
187107,1871,18.71.07,Telukbetung Selatan
187108,1871,18.71.08,Telukbetung Barat
187109,1871,18.71.09,Telukbetung Utara
187110,1871,18.71.10,Rajabasa
187111,1871,18.71.11,Tanjung Senang
187112,1871,18.71.12,Sukabumi
187113,1871,18.71.13,Kemiling
187114,1871,18.71.14,Labuhan Ratu
187115,1871,18.71.15,Way Halim
187116,1871,18.71.16,Langkapura
187117,1871,18.71.17,Enggal
187118,1871,18.71.18,Kedamaian
187119,1871,18.71.19,Telukbetung Timur
187120,1871,18.71.20,Bumi Waras
187201,1872,18.72.01,Metro Pusat
187202,1872,18.72.02,Metro Utara
187203,1872,18.72.03,Metro Barat
187204,1872,18.72.04,Metro Timur
187205,1872,18.72.05,Metro Selatan
190101,1901,19.01.01,Sungailiat
190102,1901,19.01.02,Belinyu
190103,1901,19.01.03,Merawang
190104,1901,19.01.04,Mendo Barat
190105,1901,19.01.05,Pemali
190106,1901,19.01.06,Bakam
190107,1901,19.01.07,Riau Silip
190108,1901,19.01.08,Puding Besar
190201,1902,19.02.01,Tanjungpandan
190202,1902,19.02.02,Membalong
190203,1902,19.02.03,Selat Nasik
190204,1902,19.02.04,Sijuk
190205,1902,19.02.05,Badau
190301,1903,19.03.01,Toboali
190302,1903,19.03.02,Lepar
190303,1903,19.03.03,Airgegas
190304,1903,19.03.04,Simpang Rimba
190305,1903,19.03.05,Payung
190306,1903,19.03.06,Tukak Sadai
190307,1903,19.03.07,Pulau Besar
190308,1903,19.03.08,Kepulauan Pongok
190401,1904,19.04.01,Koba
190402,1904,19.04.02,Pangkalan Baru
190403,1904,19.04.03,Sungai Selan
190404,1904,19.04.04,Simpang Katis
190405,1904,19.04.05,Namang
190406,1904,19.04.06,Lubuk Besar
190501,1905,19.05.01,Mentok
190502,1905,19.05.02,Simpang Teritip
190503,1905,19.05.03,Jebus
190504,1905,19.05.04,Kelapa
190505,1905,19.05.05,Tempilang
190506,1905,19.05.06,Parittiga
190601,1906,19.06.01,Manggar
190602,1906,19.06.02,Gantung
190603,1906,19.06.03,Dendang
190604,1906,19.06.04,Kelapa Kampit
190605,1906,19.06.05,Damar
190606,1906,19.06.06,Simpang Renggiang
190607,1906,19.06.07,Simpang Pesak
197101,1971,19.71.01,Bukit Intan
197102,1971,19.71.02,Taman Sari
197103,1971,19.71.03,Pangkal Balam
197104,1971,19.71.04,Rangkui
197105,1971,19.71.05,Gerunggang
197106,1971,19.71.06,Gabek
197107,1971,19.71.07,Girimaya
210104,2101,21.01.04,Gunung Kijang
210106,2101,21.01.06,Bintan Timur
210107,2101,21.01.07,Bintan Utara
210108,2101,21.01.08,Teluk Bintan
210109,2101,21.01.09,Tambelan
210110,2101,21.01.10,Teluk Sebong
210112,2101,21.01.12,Toapaya
210113,2101,21.01.13,Mantang
210114,2101,21.01.14,Bintan Pesisir
210115,2101,21.01.15,Seri Kuala Lobam
210201,2102,21.02.01,Moro
210202,2102,21.02.02,Kundur
210203,2102,21.02.03,Karimun
210204,2102,21.02.04,Meral
210205,2102,21.02.05,Tebing
210206,2102,21.02.06,Buru
210207,2102,21.02.07,Kundur Utara
210208,2102,21.02.08,Kundur Barat
210209,2102,21.02.09,Durai
210210,2102,21.02.10,Meral Barat
210211,2102,21.02.11,Ungar
210212,2102,21.02.12,Belat
210213,2102,21.02.13,Selat Gelam
210214,2102,21.02.14,Sugie Besar
210304,2103,21.03.04,Midai
210305,2103,21.03.05,Bunguran Barat
210306,2103,21.03.06,Serasan
210307,2103,21.03.07,Bunguran Timur
210308,2103,21.03.08,Bunguran Utara
210309,2103,21.03.09,Subi
210310,2103,21.03.10,Pulau Laut
210311,2103,21.03.11,Pulau Tiga
210315,2103,21.03.15,Bunguran Timur Laut
210316,2103,21.03.16,Bunguran Tengah
210318,2103,21.03.18,Bunguran Selatan
210319,2103,21.03.19,Serasan Timur
210320,2103,21.03.20,Bunguran Batubi
210321,2103,21.03.21,Pulau Tiga Barat
210322,2103,21.03.22,Suak Midai
210323,2103,21.03.23,Pulau Panjang
210324,2103,21.03.24,Pulau Seluan
210401,2104,21.04.01,Singkep
210402,2104,21.04.02,Lingga
210403,2104,21.04.03,Senayang
210404,2104,21.04.04,Singkep Barat
210405,2104,21.04.05,Lingga Utara
210406,2104,21.04.06,Singkep Pesisir
210407,2104,21.04.07,Lingga Timur
210408,2104,21.04.08,Selayar
210409,2104,21.04.09,Singkep Selatan
210410,2104,21.04.10,Kepulauan Posek
210411,2104,21.04.11,Katang Bidare
210412,2104,21.04.12,Temiang Pesisir
210413,2104,21.04.13,Bakung Serumpun
210501,2105,21.05.01,Siantan
210502,2105,21.05.02,Palmatak
210503,2105,21.05.03,Siantan Timur
210504,2105,21.05.04,Siantan Selatan
210505,2105,21.05.05,Jemaja Timur
210506,2105,21.05.06,Jemaja
210507,2105,21.05.07,Siantan Tengah
210508,2105,21.05.08,Siantan Utara
210509,2105,21.05.09,Jemaja Barat
210510,2105,21.05.10,Kute Siantan
217101,2171,21.71.01,Belakang Padang
217102,2171,21.71.02,Batu Ampar
217103,2171,21.71.03,Sekupang
217104,2171,21.71.04,Nongsa
217105,2171,21.71.05,Bulang
217106,2171,21.71.06,Lubuk Baja
217107,2171,21.71.07,Sei Beduk
217108,2171,21.71.08,Galang
217109,2171,21.71.09,Bengkong
217110,2171,21.71.10,Batam Kota
217111,2171,21.71.11,Sagulung
217112,2171,21.71.12,Batu Aji
217201,2172,21.72.01,Tanjung Pinang Barat
217202,2172,21.72.02,Tanjung Pinang Timur
217203,2172,21.72.03,Tanjung Pinang Kota
217204,2172,21.72.04,Bukit Bestari
310101,3101,31.01.01,Kepulauan Seribu Utara
310102,3101,31.01.02,Kepulauan Seribu Selatan
317101,3171,31.71.01,Gambir
317102,3171,31.71.02,Sawah Besar
317103,3171,31.71.03,Kemayoran
317104,3171,31.71.04,Senen
317105,3171,31.71.05,Cempaka Putih
317106,3171,31.71.06,Menteng
317107,3171,31.71.07,Tanah Abang
317108,3171,31.71.08,Johar Baru
317201,3172,31.72.01,Penjaringan
317202,3172,31.72.02,Tanjung Priok
317203,3172,31.72.03,Koja
317204,3172,31.72.04,Cilincing
317205,3172,31.72.05,Pademangan
317206,3172,31.72.06,Kelapa Gading
317301,3173,31.73.01,Cengkareng
317302,3173,31.73.02,Grogol Petamburan
317303,3173,31.73.03,Taman Sari
317304,3173,31.73.04,Tambora
317305,3173,31.73.05,Kebon Jeruk
317306,3173,31.73.06,Kalideres
317307,3173,31.73.07,Pal Merah
317308,3173,31.73.08,Kembangan
317401,3174,31.74.01,Tebet
317402,3174,31.74.02,Setiabudi
317403,3174,31.74.03,Mampang Prapatan
317404,3174,31.74.04,Pasar Minggu
317405,3174,31.74.05,Kebayoran Lama
317406,3174,31.74.06,Cilandak
317407,3174,31.74.07,Kebayoran Baru
317408,3174,31.74.08,Pancoran
317409,3174,31.74.09,Jagakarsa
317410,3174,31.74.10,Pesanggrahan
317501,3175,31.75.01,Matraman
317502,3175,31.75.02,Pulogadung
317503,3175,31.75.03,Jatinegara
317504,3175,31.75.04,Kramatjati
317505,3175,31.75.05,Pasar Rebo
317506,3175,31.75.06,Cakung
317507,3175,31.75.07,Duren Sawit
317508,3175,31.75.08,Makasar
317509,3175,31.75.09,Ciracas
317510,3175,31.75.10,Cipayung
320101,3201,32.01.01,Cibinong
320102,3201,32.01.02,Gunungputri
320103,3201,32.01.03,Citeureup
320104,3201,32.01.04,Sukaraja
320105,3201,32.01.05,Babakan Madang
320106,3201,32.01.06,Jonggol
320107,3201,32.01.07,Cileungsi
320108,3201,32.01.08,Cariu
320109,3201,32.01.09,Sukamakmur
320110,3201,32.01.10,Parung
320111,3201,32.01.11,Gunungsindur
320112,3201,32.01.12,Kemang
320113,3201,32.01.13,Bojonggede
320114,3201,32.01.14,Leuwiliang
320115,3201,32.01.15,Ciampea
320116,3201,32.01.16,Cibungbulang
320117,3201,32.01.17,Pamijahan
320118,3201,32.01.18,Rumpin
320119,3201,32.01.19,Jasinga
320120,3201,32.01.20,Parungpanjang
320121,3201,32.01.21,Nanggung
320122,3201,32.01.22,Cigudeg
320123,3201,32.01.23,Tenjo
320124,3201,32.01.24,Ciawi
320125,3201,32.01.25,Cisarua
320126,3201,32.01.26,Megamendung
320127,3201,32.01.27,Caringin
320128,3201,32.01.28,Cijeruk
320129,3201,32.01.29,Ciomas
320130,3201,32.01.30,Dramaga
320131,3201,32.01.31,Tamansari
320132,3201,32.01.32,Klapanunggal
320133,3201,32.01.33,Ciseeng
320134,3201,32.01.34,Rancabungur
320135,3201,32.01.35,Sukajaya
320136,3201,32.01.36,Tanjungsari
320137,3201,32.01.37,Tajurhalang
320138,3201,32.01.38,Cigombong
320139,3201,32.01.39,Leuwisadeng
320140,3201,32.01.40,Tenjolaya
320201,3202,32.02.01,Palabuhanratu
320202,3202,32.02.02,Simpenan
320203,3202,32.02.03,Cikakak
320204,3202,32.02.04,Bantargadung
320205,3202,32.02.05,Cisolok
320206,3202,32.02.06,Cikidang
320207,3202,32.02.07,Lengkong
320208,3202,32.02.08,Jampangtengah
320209,3202,32.02.09,Warungkiara
320210,3202,32.02.10,Cikembar
320211,3202,32.02.11,Cibadak
320212,3202,32.02.12,Nagrak
320213,3202,32.02.13,Parungkuda
320214,3202,32.02.14,Bojonggenteng
320215,3202,32.02.15,Parakansalak
320216,3202,32.02.16,Cicurug
320217,3202,32.02.17,Cidahu
320218,3202,32.02.18,Kalapanunggal
320219,3202,32.02.19,Kabandungan
320220,3202,32.02.20,Waluran
320221,3202,32.02.21,Jampangkulon
320222,3202,32.02.22,Ciemas
320223,3202,32.02.23,Kalibunder
320224,3202,32.02.24,Surade
320225,3202,32.02.25,Cibitung
320226,3202,32.02.26,Ciracap
320227,3202,32.02.27,Gunungguruh
320228,3202,32.02.28,Cicantayan
320229,3202,32.02.29,Cisaat
320230,3202,32.02.30,Kadudampit
320231,3202,32.02.31,Caringin
320232,3202,32.02.32,Sukabumi
320233,3202,32.02.33,Sukaraja
320234,3202,32.02.34,Kebonpedes
320235,3202,32.02.35,Cireunghas
320236,3202,32.02.36,Sukalarang
320237,3202,32.02.37,Pabuaran
320238,3202,32.02.38,Purabaya
320239,3202,32.02.39,Nyalindung
320240,3202,32.02.40,Gegerbitung
320241,3202,32.02.41,Sagaranten
320242,3202,32.02.42,Curugkembar
320243,3202,32.02.43,Cidolog
320244,3202,32.02.44,Cidadap
320245,3202,32.02.45,Tegalbuleud
320246,3202,32.02.46,Cimanggu
320247,3202,32.02.47,Ciambar
320301,3203,32.03.01,Cianjur
320302,3203,32.03.02,Warungkondang
320303,3203,32.03.03,Cibeber
320304,3203,32.03.04,Cilaku
320305,3203,32.03.05,Ciranjang
320306,3203,32.03.06,Bonjogpicung
320307,3203,32.03.07,Karangtengah
320308,3203,32.03.08,Mande
320309,3203,32.03.09,Sukaluyu
320310,3203,32.03.10,Pacet
320311,3203,32.03.11,Cugenang
320312,3203,32.03.12,Cikalongkulon
320313,3203,32.03.13,Sukaresmi
320314,3203,32.03.14,Sukanagara
320315,3203,32.03.15,Campaka
320316,3203,32.03.16,Takokak
320317,3203,32.03.17,Kadupandak
320318,3203,32.03.18,Pagelarang
320319,3203,32.03.19,Tanggeung
320320,3203,32.03.20,Cubinong
320321,3203,32.03.21,Sindangbarang
320322,3203,32.03.22,Agrabinta
320323,3203,32.03.23,Cidaun
320324,3203,32.03.24,Naringgul
320325,3203,32.03.25,Campakamulya
320326,3203,32.03.26,Cikadu
320327,3203,32.03.27,Gekbrong
320328,3203,32.03.28,Cipanas
320329,3203,32.03.29,Cijati
320330,3203,32.03.30,Leles
320331,3203,32.03.31,Haurwangi
320332,3203,32.03.32,Pasirkuda
320405,3204,32.04.05,Cileunyi
320406,3204,32.04.06,Cimenyan
320407,3204,32.04.07,Cilengkrang
320408,3204,32.04.08,Bojongsoang
320409,3204,32.04.09,Margahayu
320410,3204,32.04.10,Margaasih
320411,3204,32.04.11,Katapang
320412,3204,32.04.12,Dayeuhkolot
320413,3204,32.04.13,Banjaran
320414,3204,32.04.14,Pameungpeuk
320415,3204,32.04.15,Pangalengan
320416,3204,32.04.16,Arjasari
320417,3204,32.04.17,Cimaung
320425,3204,32.04.25,Cicalengka
320426,3204,32.04.26,Nagreg
320427,3204,32.04.27,Cikancung
320428,3204,32.04.28,Rancaekek
320429,3204,32.04.29,Ciparay
320430,3204,32.04.30,Pacet
320431,3204,32.04.31,Kertasari
320432,3204,32.04.32,Baleendah
320433,3204,32.04.33,Majalaya
320434,3204,32.04.34,Solokanjeruk
320435,3204,32.04.35,Paseh
320436,3204,32.04.36,Ibun
320437,3204,32.04.37,Soreang
320438,3204,32.04.38,Pasirjambu
320439,3204,32.04.39,Ciwidey
320440,3204,32.04.40,Rancabali
320444,3204,32.04.44,Cangkuang
320446,3204,32.04.46,Kutawaringin
320501,3205,32.05.01,Garut Kota
320502,3205,32.05.02,Karangpawitan
320503,3205,32.05.03,Wanaraja
320504,3205,32.05.04,Tarogong Kaler
320505,3205,32.05.05,Tarogong Kidul
320506,3205,32.05.06,Banyuresmi
320507,3205,32.05.07,Samarang
320508,3205,32.05.08,Pasirwangi
320509,3205,32.05.09,Leles
320510,3205,32.05.10,Kadungora
320511,3205,32.05.11,Leuwigoong
320512,3205,32.05.12,Cibatu
320513,3205,32.05.13,Kersamanah
320514,3205,32.05.14,Malangbong
320515,3205,32.05.15,Sukawening
320516,3205,32.05.16,Karangtengah
320517,3205,32.05.17,Bayongbong
320518,3205,32.05.18,Cigedug
320519,3205,32.05.19,Cilawu
320520,3205,32.05.20,Cisurupan
320521,3205,32.05.21,Sukaresmi
320522,3205,32.05.22,Cikajang
320523,3205,32.05.23,Banjarwangi
320524,3205,32.05.24,Singajaya
320525,3205,32.05.25,Cihurip
320526,3205,32.05.26,Peundeuy
320527,3205,32.05.27,Pameungpeuk
320528,3205,32.05.28,Cisompet
320529,3205,32.05.29,Cibalong
320530,3205,32.05.30,Cikelet
320531,3205,32.05.31,Bungbulang
320532,3205,32.05.32,Mekarmukti
320533,3205,32.05.33,Pakenjeng
320534,3205,32.05.34,Pamulihan
320535,3205,32.05.35,Cisewu
320536,3205,32.05.36,Caringin
320537,3205,32.05.37,Talegong
320538,3205,32.05.38,Limbangan
320539,3205,32.05.39,Selaawi
320540,3205,32.05.40,Cibiuk
320541,3205,32.05.41,Pangatikan
320542,3205,32.05.42,Sucinaraja
320601,3206,32.06.01,Cipatujah
320602,3206,32.06.02,Karangnunggal
320603,3206,32.06.03,Cikalong
320604,3206,32.06.04,Pancatengah
320605,3206,32.06.05,Cikatomas
320606,3206,32.06.06,Cibalong
320607,3206,32.06.07,Parungponteng
320608,3206,32.06.08,Bantarkalong
320609,3206,32.06.09,Bojongasih
320610,3206,32.06.10,Culamega
320611,3206,32.06.11,Bojonggambir
320612,3206,32.06.12,Sodonghilir
320613,3206,32.06.13,Taraju
320614,3206,32.06.14,Salawu
320615,3206,32.06.15,Puspahiang
320616,3206,32.06.16,Tanjungjaya
320617,3206,32.06.17,Sukaraja
320618,3206,32.06.18,Salopa
320619,3206,32.06.19,Jatiwaras
320620,3206,32.06.20,Cineam
320621,3206,32.06.21,Karang Jaya
320622,3206,32.06.22,Manonjaya
320623,3206,32.06.23,Gunung Tanjung
320624,3206,32.06.24,Singaparna
320625,3206,32.06.25,Mangunreja
320626,3206,32.06.26,Sukarame
320627,3206,32.06.27,Cigalontang
320628,3206,32.06.28,Leuwisari
320629,3206,32.06.29,Padakembang
320630,3206,32.06.30,Sariwangi
320631,3206,32.06.31,Sukaratu
320632,3206,32.06.32,Cisayong
320633,3206,32.06.33,Sukahening
320634,3206,32.06.34,Rajapolah
320635,3206,32.06.35,Jamanis
320636,3206,32.06.36,Ciawi
320637,3206,32.06.37,Kadipaten
320638,3206,32.06.38,Pagerageung
320639,3206,32.06.39,Sukaresik
320701,3207,32.07.01,Ciamis
320702,3207,32.07.02,Cikoneng
320703,3207,32.07.03,Cijeungjing
320704,3207,32.07.04,Sadananya
320705,3207,32.07.05,Cidolog
320706,3207,32.07.06,Cihaurbeuti
320707,3207,32.07.07,Panumbangan
320708,3207,32.07.08,Panjalu
320709,3207,32.07.09,Kawali
320710,3207,32.07.10,Panawangan
320711,3207,32.07.11,Cipaku
320712,3207,32.07.12,Jatinagara
320713,3207,32.07.13,Rajadesa
320714,3207,32.07.14,Sukadana
320715,3207,32.07.15,Rancah
320716,3207,32.07.16,Tambaksari
320717,3207,32.07.17,Lakbok
320718,3207,32.07.18,Banjarsari
320719,3207,32.07.19,Pamarican
320729,3207,32.07.29,Cimaragas
320730,3207,32.07.30,Cisaga
320731,3207,32.07.31,Sindangkasih
320732,3207,32.07.32,Baregbeg
320733,3207,32.07.33,Sukamantri
320734,3207,32.07.34,Lumbung
320735,3207,32.07.35,Purwadadi
320737,3207,32.07.37,Banjaranyar
320801,3208,32.08.01,Kadugede
320802,3208,32.08.02,Ciniru
320803,3208,32.08.03,Subang
320804,3208,32.08.04,Ciwaru
320805,3208,32.08.05,Cibingbin
320806,3208,32.08.06,Luragung
320807,3208,32.08.07,Lebakwangi
320808,3208,32.08.08,Garawangi
320809,3208,32.08.09,Kuningan
320810,3208,32.08.10,Ciawigebang
320811,3208,32.08.11,Cidahu
320812,3208,32.08.12,Jalaksana
320813,3208,32.08.13,Cilimus
320814,3208,32.08.14,Mandirancan
320815,3208,32.08.15,Selajambe
320816,3208,32.08.16,Kramatmulya
320817,3208,32.08.17,Darma
320818,3208,32.08.18,Cigugur
320819,3208,32.08.19,Pasawahan
320820,3208,32.08.20,Nusaherang
320821,3208,32.08.21,Cipicung
320822,3208,32.08.22,Pancalang
320823,3208,32.08.23,Japara
320824,3208,32.08.24,Cimahi
320825,3208,32.08.25,Cilebak
320826,3208,32.08.26,Hantara
320827,3208,32.08.27,Kalimanggis
320828,3208,32.08.28,Cibeureum
320829,3208,32.08.29,Karangkancana
320830,3208,32.08.30,Maleber
320831,3208,32.08.31,Sindangagung
320832,3208,32.08.32,Cigandamekar
320901,3209,32.09.01,Waled
320902,3209,32.09.02,Ciledug
320903,3209,32.09.03,Losari
320904,3209,32.09.04,Pabedilan
320905,3209,32.09.05,Babakan
320906,3209,32.09.06,Karangsembung
320907,3209,32.09.07,Lemahabang
320908,3209,32.09.08,Susukan Lebak
320909,3209,32.09.09,Sedong
320910,3209,32.09.10,Astanajapura
320911,3209,32.09.11,Pangenan
320912,3209,32.09.12,Mundu
320913,3209,32.09.13,Beber
320914,3209,32.09.14,Talun
320915,3209,32.09.15,Sumber
320916,3209,32.09.16,Dukupuntang
320917,3209,32.09.17,Palimanan
320918,3209,32.09.18,Plumbon
320919,3209,32.09.19,Weru
320920,3209,32.09.20,Kedawung
320921,3209,32.09.21,Gunung Jati
320922,3209,32.09.22,Kepetakan
320923,3209,32.09.23,Klangenan
320924,3209,32.09.24,Arjawinangun
320925,3209,32.09.25,Panguragan
320926,3209,32.09.26,Ciwaringin
320927,3209,32.09.27,Susukan
320928,3209,32.09.28,Gegesik
320929,3209,32.09.29,Kaliwedi
320930,3209,32.09.30,Gebang
320931,3209,32.09.31,Depok
320932,3209,32.09.32,Pasaleman
320933,3209,32.09.33,Pabuaran
320934,3209,32.09.34,Karangwareng
320935,3209,32.09.35,Tengah Tani
320936,3209,32.09.36,Plered
320937,3209,32.09.37,Gempol
320938,3209,32.09.38,Greged
320939,3209,32.09.39,Suranenggala
320940,3209,32.09.40,Jamblang
321001,3210,32.10.01,Lemahsugih
321002,3210,32.10.02,Bantarujeg
321003,3210,32.10.03,Cikijing
321004,3210,32.10.04,Talaga
321005,3210,32.10.05,Argapura
321006,3210,32.10.06,Maja
321007,3210,32.10.07,Majalengka
321008,3210,32.10.08,Sukahaji
321009,3210,32.10.09,Rajagaluh
321010,3210,32.10.10,Leuwimunding
321011,3210,32.10.11,Jatiwangi
321012,3210,32.10.12,Dawuan
321013,3210,32.10.13,Kadipaten
321014,3210,32.10.14,Kertajati
321015,3210,32.10.15,Jatitujuh
321016,3210,32.10.16,Ligung
321017,3210,32.10.17,Sumberjaya
321018,3210,32.10.18,Panyingkiran
321019,3210,32.10.19,Palasah
321020,3210,32.10.20,Cigasong
321021,3210,32.10.21,Sindangwangi
321022,3210,32.10.22,Banjaran
321023,3210,32.10.23,Cingambul
321024,3210,32.10.24,Kasokandel
321025,3210,32.10.25,Sindang
321026,3210,32.10.26,Malausma
321101,3211,32.11.01,Wado
321102,3211,32.11.02,Jatinunggal
321103,3211,32.11.03,Darmaraja
321104,3211,32.11.04,Cibugel
321105,3211,32.11.05,Cisitu
321106,3211,32.11.06,Situraja
321107,3211,32.11.07,Conggeang
321108,3211,32.11.08,Paseh
321109,3211,32.11.09,Surian
321110,3211,32.11.10,Buahdua
321111,3211,32.11.11,Tanjungsari
321112,3211,32.11.12,Sukasari
321113,3211,32.11.13,Pamulihan
321114,3211,32.11.14,Cimanggung
321115,3211,32.11.15,Jatinangor
321116,3211,32.11.16,Rancakalong
321117,3211,32.11.17,Sumedang Selatan
321118,3211,32.11.18,Sumedang Utara
321119,3211,32.11.19,Ganeas
321120,3211,32.11.20,Tanjungkerta
321121,3211,32.11.21,Tanjungmedar
321122,3211,32.11.22,Cimalaka
321123,3211,32.11.23,Cisarua
321124,3211,32.11.24,Tomo
321125,3211,32.11.25,Ujungjaya
321126,3211,32.11.26,Jatigede
321201,3212,32.12.01,Haurgeulis
321202,3212,32.12.02,Kroya
321203,3212,32.12.03,Gabuswetan
321204,3212,32.12.04,Cikedung
321205,3212,32.12.05,Lelea
321206,3212,32.12.06,Bangodua
321207,3212,32.12.07,Widasari
321208,3212,32.12.08,Kertasemaya
321209,3212,32.12.09,Krangkeng
321210,3212,32.12.10,Karangampel
321211,3212,32.12.11,Juntinyuat
321212,3212,32.12.12,Sliyeg
321213,3212,32.12.13,Jatibarang
321214,3212,32.12.14,Balongan
321215,3212,32.12.15,Indramayu
321216,3212,32.12.16,Sindang
321217,3212,32.12.17,Cantigi
321218,3212,32.12.18,Lohbener
321219,3212,32.12.19,Arahan
321220,3212,32.12.20,Losarang
321221,3212,32.12.21,Kandanghaur
321222,3212,32.12.22,Bongas
321223,3212,32.12.23,Anjatan
321224,3212,32.12.24,Sukra
321225,3212,32.12.25,Gantar
321226,3212,32.12.26,Terisi
321227,3212,32.12.27,Sukagumiwang
321228,3212,32.12.28,Kedokan Bunder
321229,3212,32.12.29,Pasekan
321230,3212,32.12.30,Tukdana
321231,3212,32.12.31,Patrol
321301,3213,32.13.01,Sagalaherang
321302,3213,32.13.02,Cisalak
321303,3213,32.13.03,Subang
321304,3213,32.13.04,Kalijati
321305,3213,32.13.05,Pabuaran
321306,3213,32.13.06,Purwadadi
321307,3213,32.13.07,Pagaden
321308,3213,32.13.08,Binong
321309,3213,32.13.09,Ciasem
321310,3213,32.13.10,Pusakanagara
321311,3213,32.13.11,Pamanukan
321312,3213,32.13.12,Jalancagak
321313,3213,32.13.13,Blanakan
321314,3213,32.13.14,Tanjungsiang
321315,3213,32.13.15,Compreng
321316,3213,32.13.16,Patokbeusi
321317,3213,32.13.17,Cibogo
321318,3213,32.13.18,Cipunagara
321319,3213,32.13.19,Cijambe
321320,3213,32.13.20,Cipeundeuy
321321,3213,32.13.21,Legonkulon
321322,3213,32.13.22,Cikaum
321323,3213,32.13.23,Serangpanjang
321324,3213,32.13.24,Sukasari
321325,3213,32.13.25,Tambakdahan
321326,3213,32.13.26,Kasomalang
321327,3213,32.13.27,Dawuan
321328,3213,32.13.28,Pagaden Barat
321329,3213,32.13.29,Ciater
321330,3213,32.13.30,Pusakajaya
321401,3214,32.14.01,Purwakarta
321402,3214,32.14.02,Campaka
321403,3214,32.14.03,Jatiluhur
321404,3214,32.14.04,Plered
321405,3214,32.14.05,Sukatani
321406,3214,32.14.06,Darangdan
321407,3214,32.14.07,Maniis
321408,3214,32.14.08,Tegalwaru
321409,3214,32.14.09,Wanayasa
321410,3214,32.14.10,Pasawahan
321411,3214,32.14.11,Bojong
321412,3214,32.14.12,Babakancikao
321413,3214,32.14.13,Bungursari
321414,3214,32.14.14,Cibatu
321415,3214,32.14.15,Sukasari
321416,3214,32.14.16,Pondoksalam
321417,3214,32.14.17,Kiarapedes
321501,3215,32.15.01,Karawang Barat
321502,3215,32.15.02,Pangkalan
321503,3215,32.15.03,Telukjambe Timur
321504,3215,32.15.04,Ciampel
321505,3215,32.15.05,Klari
321506,3215,32.15.06,Rengasdengklok
321507,3215,32.15.07,Kutawaluya
321508,3215,32.15.08,Batujaya
321509,3215,32.15.09,Tirtajaya
321510,3215,32.15.10,Pedes
321511,3215,32.15.11,Cibuaya
321512,3215,32.15.12,Pakisjaya
321513,3215,32.15.13,Cikampek
321514,3215,32.15.14,Jatisari
321515,3215,32.15.15,Cilamaya Wetan
321516,3215,32.15.16,Tirtamulya
321517,3215,32.15.17,Telagasari
321518,3215,32.15.18,Rawamerta
321519,3215,32.15.19,Lemahabang
321520,3215,32.15.20,Tempuran
321521,3215,32.15.21,Majalaya
321522,3215,32.15.22,Jayakerta
321523,3215,32.15.23,Cilamaya Kulon
321524,3215,32.15.24,Banyusari
321525,3215,32.15.25,Kota Baru
321526,3215,32.15.26,Karawang Timur
321527,3215,32.15.27,Telukjambe Barat
321528,3215,32.15.28,Tegalwaru
321529,3215,32.15.29,Purwasari
321530,3215,32.15.30,Cilebar
321601,3216,32.16.01,Tarumajaya
321602,3216,32.16.02,Babelan
321603,3216,32.16.03,Sukawangi
321604,3216,32.16.04,Tambelang
321605,3216,32.16.05,Tambun Utara
321606,3216,32.16.06,Tambun Selatan
321607,3216,32.16.07,Cibitung
321608,3216,32.16.08,Cikarang Barat
321609,3216,32.16.09,Cikarang Utara
321610,3216,32.16.10,Karang Bahagia
321611,3216,32.16.11,Cikarang Timur
321612,3216,32.16.12,Kedung Waringin
321613,3216,32.16.13,Pebayuran
321614,3216,32.16.14,Sukakarya
321615,3216,32.16.15,Sukatani
321616,3216,32.16.16,Cabangbungin
321617,3216,32.16.17,Muaragembong
321618,3216,32.16.18,Setu
321619,3216,32.16.19,Cikarang Selatan
321620,3216,32.16.20,Cikarang Pusat
321621,3216,32.16.21,Serang Baru
321622,3216,32.16.22,Cibarusah
321623,3216,32.16.23,Bojongmangu
321701,3217,32.17.01,Lembang
321702,3217,32.17.02,Parongpong
321703,3217,32.17.03,Cisarua
321704,3217,32.17.04,Cikalongwetan
321705,3217,32.17.05,Cipeundeuy
321706,3217,32.17.06,Ngamprah
321707,3217,32.17.07,Cipatat
321708,3217,32.17.08,Padalarang
321709,3217,32.17.09,Batujajar
321710,3217,32.17.10,Cihampelas
321711,3217,32.17.11,Cililin
321712,3217,32.17.12,Cipongkor
321713,3217,32.17.13,Rongga
321714,3217,32.17.14,Sindangkerta
321715,3217,32.17.15,Gununghalu
321716,3217,32.17.16,Saguling
321801,3218,32.18.01,Parigi
321802,3218,32.18.02,Cijulang
321803,3218,32.18.03,Cimerak
321804,3218,32.18.04,Cigugur
321805,3218,32.18.05,Langkaplancar
321806,3218,32.18.06,Mangunjaya
321807,3218,32.18.07,Padaherang
321808,3218,32.18.08,Kalipucang
321809,3218,32.18.09,Pangandaran
321810,3218,32.18.10,Sidamulih
327101,3271,32.71.01,Bogor Selatan
327102,3271,32.71.02,Bogor Timur
327103,3271,32.71.03,Bogor Tengah
327104,3271,32.71.04,Bogor Barat
327105,3271,32.71.05,Bogor Utara
327106,3271,32.71.06,Tanah Sareal
327201,3272,32.72.01,Gunung Puyuh
327202,3272,32.72.02,Cikole
327203,3272,32.72.03,Citamiang
327204,3272,32.72.04,Warudoyong
327205,3272,32.72.05,Baros
327206,3272,32.72.06,Lembursitu
327207,3272,32.72.07,Cibeureum
327301,3273,32.73.01,Sukasari
327302,3273,32.73.02,Coblong
327303,3273,32.73.03,Babakan Ciparay
327304,3273,32.73.04,Bojongloa Kaler
327305,3273,32.73.05,Andir
327306,3273,32.73.06,Cicendo
327307,3273,32.73.07,Sukajadi
327308,3273,32.73.08,Cidadap
327309,3273,32.73.09,Bandung Wetan
327310,3273,32.73.10,Astanaanyar
327311,3273,32.73.11,Regol
327312,3273,32.73.12,Batununggal
327313,3273,32.73.13,Lengkong
327314,3273,32.73.14,Cibeunying Kidul
327315,3273,32.73.15,Bandung Kulon
327316,3273,32.73.16,Kiaracondong
327317,3273,32.73.17,Bojongloa Kidul
327318,3273,32.73.18,Cibeunying Kaler
327319,3273,32.73.19,Sumur Bandung
327320,3273,32.73.20,Antapani
327321,3273,32.73.21,Bandung Kidul
327322,3273,32.73.22,Buahbatu
327323,3273,32.73.23,Rancasari
327324,3273,32.73.24,Arcamanik
327325,3273,32.73.25,Cibiru
327326,3273,32.73.26,Ujungberung
327327,3273,32.73.27,Gedebage
327328,3273,32.73.28,Panyileukan
327329,3273,32.73.29,Cinambo
327330,3273,32.73.30,Mandalajati
327401,3274,32.74.01,Kejaksan
327402,3274,32.74.02,Lemahwungkuk
327403,3274,32.74.03,Harjamukti
327404,3274,32.74.04,Pekalipan
327405,3274,32.74.05,Kesambi
327501,3275,32.75.01,Bekasi Timur
327502,3275,32.75.02,Bekasi Barat
327503,3275,32.75.03,Bekasi Utara
327504,3275,32.75.04,Bekasi Selatan
327505,3275,32.75.05,Rawalumbu
327506,3275,32.75.06,Medansatria
327507,3275,32.75.07,Bantargebang
327508,3275,32.75.08,Pondokgede
327509,3275,32.75.09,Jatiasih
327510,3275,32.75.10,Jatisampurna
327511,3275,32.75.11,Mustikajaya
327512,3275,32.75.12,Pondokmelati
327601,3276,32.76.01,Pancoran Mas
327602,3276,32.76.02,Cimanggis
327603,3276,32.76.03,Sawangan
327604,3276,32.76.04,Limo
327605,3276,32.76.05,Sukmajaya
327606,3276,32.76.06,Beji
327607,3276,32.76.07,Cipayung
327608,3276,32.76.08,Cilodong
327609,3276,32.76.09,Cinere
327610,3276,32.76.10,Tapos
327611,3276,32.76.11,Bojongsari
327701,3277,32.77.01,Cimahi Selatan
327702,3277,32.77.02,Cimahi Tengah
327703,3277,32.77.03,Cimahi Utara
327801,3278,32.78.01,Cihideung
327802,3278,32.78.02,Cipedes
327803,3278,32.78.03,Tawang
327804,3278,32.78.04,Indihiang
327805,3278,32.78.05,Kawalu
327806,3278,32.78.06,Cibeureum
327807,3278,32.78.07,Tamansari
327808,3278,32.78.08,Mangkubumi
327809,3278,32.78.09,Bungursari
327810,3278,32.78.10,Purbaratu
327901,3279,32.79.01,Banjar
327902,3279,32.79.02,Pataruman
327903,3279,32.79.03,Purwaharja
327904,3279,32.79.04,Langensari
330101,3301,33.01.01,Kedungreja
330102,3301,33.01.02,Kesugihan
330103,3301,33.01.03,Adipala
330104,3301,33.01.04,Binangun
330105,3301,33.01.05,Nusawungu
330106,3301,33.01.06,Kroya
330107,3301,33.01.07,Maos
330108,3301,33.01.08,Jeruklegi
330109,3301,33.01.09,Kawunganten
330110,3301,33.01.10,Gandrungmangu
330111,3301,33.01.11,Sidareja
330112,3301,33.01.12,Karangpucung
330113,3301,33.01.13,Cimanggu
330114,3301,33.01.14,Majenang
330115,3301,33.01.15,Wanareja
330116,3301,33.01.16,Dayeuhluhur
330117,3301,33.01.17,Sampang
330118,3301,33.01.18,Cipari
330119,3301,33.01.19,Patimuan
330120,3301,33.01.20,Bantarsari
330121,3301,33.01.21,Cilacap Selatan
330122,3301,33.01.22,Cilacap Tengah
330123,3301,33.01.23,Cilacap Utara
330124,3301,33.01.24,Kampung Laut
330201,3302,33.02.01,Lumbir
330202,3302,33.02.02,Wangon
330203,3302,33.02.03,Jatilawang
330204,3302,33.02.04,Rawalo
330205,3302,33.02.05,Kebasen
330206,3302,33.02.06,Kemranjen
330207,3302,33.02.07,Sumpiuh
330208,3302,33.02.08,Tambak
330209,3302,33.02.09,Somagede
330210,3302,33.02.10,Kalibagor
330211,3302,33.02.11,Banyumas
330212,3302,33.02.12,Patikraja
330213,3302,33.02.13,Purwojati
330214,3302,33.02.14,Ajibarang
330215,3302,33.02.15,Gumelar
330216,3302,33.02.16,Pekuncen
330217,3302,33.02.17,Cilongok
330218,3302,33.02.18,Karanglewas
330219,3302,33.02.19,Sokaraja
330220,3302,33.02.20,Kembaran
330221,3302,33.02.21,Sumbang
330222,3302,33.02.22,Baturraden
330223,3302,33.02.23,Kedungbanteng
330224,3302,33.02.24,Purwokerto Selatan
330225,3302,33.02.25,Purwokerto Barat
330226,3302,33.02.26,Purwokerto Timur
330227,3302,33.02.27,Purwokerto Utara
330301,3303,33.03.01,Kemangkon
330302,3303,33.03.02,Bukateja
330303,3303,33.03.03,Kejobong
330304,3303,33.03.04,Kaligondang
330305,3303,33.03.05,Purbalingga
330306,3303,33.03.06,Kalimanah
330307,3303,33.03.07,Kutasari
330308,3303,33.03.08,Mrebet
330309,3303,33.03.09,Bobotsari
330310,3303,33.03.10,Karangreja
330311,3303,33.03.11,Karanganyar
330312,3303,33.03.12,Karangmoncol
330313,3303,33.03.13,Rembang
330314,3303,33.03.14,Bojongsari
330315,3303,33.03.15,Padamara
330316,3303,33.03.16,Pengadegan
330317,3303,33.03.17,Karangjambu
330318,3303,33.03.18,Kertanegara
330401,3304,33.04.01,Susukan
330402,3304,33.04.02,Purworeja Klampok
330403,3304,33.04.03,Mandiraja
330404,3304,33.04.04,Purwanegara
330405,3304,33.04.05,Bawang
330406,3304,33.04.06,Banjarnegara
330407,3304,33.04.07,Sigaluh
330408,3304,33.04.08,Madukara
330409,3304,33.04.09,Banjarmangu
330410,3304,33.04.10,Wanadadi
330411,3304,33.04.11,Rakit
330412,3304,33.04.12,Punggelan
330413,3304,33.04.13,Karangkobar
330414,3304,33.04.14,Pagentan
330415,3304,33.04.15,Pejawaran
330416,3304,33.04.16,Batur
330417,3304,33.04.17,Wanayasa
330418,3304,33.04.18,Kalibening
330419,3304,33.04.19,Pandanarum
330420,3304,33.04.20,Pagedongan
330501,3305,33.05.01,Ayah
330502,3305,33.05.02,Buayan
330503,3305,33.05.03,Puring
330504,3305,33.05.04,Petanahan
330505,3305,33.05.05,Klirong
330506,3305,33.05.06,Buluspesantren
330507,3305,33.05.07,Ambal
330508,3305,33.05.08,Mirit
330509,3305,33.05.09,Prembun
330510,3305,33.05.10,Kutowinangun
330511,3305,33.05.11,Alian
330512,3305,33.05.12,Kebumen
330513,3305,33.05.13,Pejagoan
330514,3305,33.05.14,Sruweng
330515,3305,33.05.15,Adimulyo
330516,3305,33.05.16,Kuwarasan
330517,3305,33.05.17,Rowokele
330518,3305,33.05.18,Sempor
330519,3305,33.05.19,Gombong
330520,3305,33.05.20,Karanganyar
330521,3305,33.05.21,Karanggayam
330522,3305,33.05.22,Sadang
330523,3305,33.05.23,Bonorowo
330524,3305,33.05.24,Padureso
330525,3305,33.05.25,Poncowarno
330526,3305,33.05.26,Karangsambung
330601,3306,33.06.01,Grabag
330602,3306,33.06.02,Ngombol
330603,3306,33.06.03,Purwodadi
330604,3306,33.06.04,Bagelen
330605,3306,33.06.05,Kaligesing
330606,3306,33.06.06,Purworejo
330607,3306,33.06.07,Banyuurip
330608,3306,33.06.08,Bayan
330609,3306,33.06.09,Kutoarjo
330610,3306,33.06.10,Butuh
330611,3306,33.06.11,Pituruh
330612,3306,33.06.12,Kemiri
330613,3306,33.06.13,Bruno
330614,3306,33.06.14,Gebang
330615,3306,33.06.15,Loano
330616,3306,33.06.16,Bener
330701,3307,33.07.01,Wadaslintang
330702,3307,33.07.02,Kepil
330703,3307,33.07.03,Sapuran
330704,3307,33.07.04,Kaliwiro
330705,3307,33.07.05,Leksono
330706,3307,33.07.06,Selomerto
330707,3307,33.07.07,Kalikajar
330708,3307,33.07.08,Kertek
330709,3307,33.07.09,Wonosobo
330710,3307,33.07.10,Watumalang
330711,3307,33.07.11,Mojotengah
330712,3307,33.07.12,Garung
330713,3307,33.07.13,Kejajar
330714,3307,33.07.14,Sukoharjo
330715,3307,33.07.15,Kalibawang
330801,3308,33.08.01,Salaman
330802,3308,33.08.02,Borobudur
330803,3308,33.08.03,Ngluwar
330804,3308,33.08.04,Salam
330805,3308,33.08.05,Srumbung
330806,3308,33.08.06,Dukun
330807,3308,33.08.07,Sawangan
330808,3308,33.08.08,Muntilan
330809,3308,33.08.09,Mungkid
330810,3308,33.08.10,Mertoyudan
330811,3308,33.08.11,Tempuran
330812,3308,33.08.12,Kajoran
330813,3308,33.08.13,Kaliangkrik
330814,3308,33.08.14,Bandongan
330815,3308,33.08.15,Candimulyo
330816,3308,33.08.16,Pakis
330817,3308,33.08.17,Ngablak
330818,3308,33.08.18,Grabag
330819,3308,33.08.19,Tegalrejo
330820,3308,33.08.20,Secang
330821,3308,33.08.21,Windusari
330901,3309,33.09.01,Selo
330902,3309,33.09.02,Ampel
330903,3309,33.09.03,Cepogo
330904,3309,33.09.04,Musuk
330905,3309,33.09.05,Boyolali
330906,3309,33.09.06,Mojosongo
330907,3309,33.09.07,Teras
330908,3309,33.09.08,Sawit
330909,3309,33.09.09,Banyudono
330910,3309,33.09.10,Sambi
330911,3309,33.09.11,Ngemplak
330912,3309,33.09.12,Nogosari
330913,3309,33.09.13,Simo
330914,3309,33.09.14,Karanggede
330915,3309,33.09.15,Klego
330916,3309,33.09.16,Andong
330917,3309,33.09.17,Kemusu
330918,3309,33.09.18,Wonosegoro
330919,3309,33.09.19,Juwangi
330920,3309,33.09.20,Gladagsari
330921,3309,33.09.21,Tamansari
330922,3309,33.09.22,Wonosamodro
331001,3310,33.10.01,Prambanan
331002,3310,33.10.02,Gantiwarno
331003,3310,33.10.03,Wedi
331004,3310,33.10.04,Bayat
331005,3310,33.10.05,Cawas
331006,3310,33.10.06,Trucuk
331007,3310,33.10.07,Kebonarum
331008,3310,33.10.08,Jogonalan
331009,3310,33.10.09,Manisrenggo
331010,3310,33.10.10,Karangnongko
331011,3310,33.10.11,Ceper
331012,3310,33.10.12,Pedan
331013,3310,33.10.13,Karangdowo
331014,3310,33.10.14,Juwiring
331015,3310,33.10.15,Wonosari
331016,3310,33.10.16,Delanggu
331017,3310,33.10.17,Polanharjo
331018,3310,33.10.18,Karanganom
331019,3310,33.10.19,Tulung
331020,3310,33.10.20,Jatinom
331021,3310,33.10.21,Kemalang
331022,3310,33.10.22,Ngawen
331023,3310,33.10.23,Kalikotes
331024,3310,33.10.24,Klaten Utara
331025,3310,33.10.25,Klaten Tengah
331026,3310,33.10.26,Klaten Selatan
331101,3311,33.11.01,Weru
331102,3311,33.11.02,Bulu
331103,3311,33.11.03,Tawangsari
331104,3311,33.11.04,Sukoharjo
331105,3311,33.11.05,Nguter
331106,3311,33.11.06,Bendosari
331107,3311,33.11.07,Polokarto
331108,3311,33.11.08,Mojolaban
331109,3311,33.11.09,Grogol
331110,3311,33.11.10,Baki
331111,3311,33.11.11,Gatak
331112,3311,33.11.12,Kartasura
331201,3312,33.12.01,Pracimantoro
331202,3312,33.12.02,Giritontro
331203,3312,33.12.03,Giriwoyo
331204,3312,33.12.04,Batuwarno
331205,3312,33.12.05,Tirtomoyo
331206,3312,33.12.06,Nguntoronadi
331207,3312,33.12.07,Baturetno
331208,3312,33.12.08,Eromoko
331209,3312,33.12.09,Wuryantoro
331210,3312,33.12.10,Manyaran
331211,3312,33.12.11,Selogiri
331212,3312,33.12.12,Wonogiri
331213,3312,33.12.13,Ngadirojo
331214,3312,33.12.14,Sidoharjo
331215,3312,33.12.15,Jatiroto
331216,3312,33.12.16,Kismantoro
331217,3312,33.12.17,Purwantoro
331218,3312,33.12.18,Bulukerto
331219,3312,33.12.19,Slogohimo
331220,3312,33.12.20,Jatisrono
331221,3312,33.12.21,Jatipurno
331222,3312,33.12.22,Girimarto
331223,3312,33.12.23,Karangtengah
331224,3312,33.12.24,Paranggupito
331225,3312,33.12.25,Puhpelem
331301,3313,33.13.01,Jatipuro
331302,3313,33.13.02,Jatiyoso
331303,3313,33.13.03,Jumapolo
331304,3313,33.13.04,Jumantono
331305,3313,33.13.05,Matesih
331306,3313,33.13.06,Tawangmangu
331307,3313,33.13.07,Ngargoyoso
331308,3313,33.13.08,Karangpandan
331309,3313,33.13.09,Karanganyar
331310,3313,33.13.10,Tasikmadu
331311,3313,33.13.11,Jaten
331312,3313,33.13.12,Colomadu
331313,3313,33.13.13,Gondangrejo
331314,3313,33.13.14,Kebakkramat
331315,3313,33.13.15,Mojogedang
331316,3313,33.13.16,Kerjo
331317,3313,33.13.17,Jenawi
331401,3314,33.14.01,Kalijambe
331402,3314,33.14.02,Plupuh
331403,3314,33.14.03,Masaran
331404,3314,33.14.04,Kedawung
331405,3314,33.14.05,Sambirejo
331406,3314,33.14.06,Gondang
331407,3314,33.14.07,Sambungmacan
331408,3314,33.14.08,Ngrampal
331409,3314,33.14.09,Karangmalang
331410,3314,33.14.10,Sragen
331411,3314,33.14.11,Sidoharjo
331412,3314,33.14.12,Tanon
331413,3314,33.14.13,Gemolong
331414,3314,33.14.14,Miri
331415,3314,33.14.15,Sumberlawang
331416,3314,33.14.16,Mondokan
331417,3314,33.14.17,Sukodono
331418,3314,33.14.18,Gesi
331419,3314,33.14.19,Tangen
331420,3314,33.14.20,Jenar
331501,3315,33.15.01,Kedungjati
331502,3315,33.15.02,Karangrayung
331503,3315,33.15.03,Penawangan
331504,3315,33.15.04,Toroh
331505,3315,33.15.05,Geyer
331506,3315,33.15.06,Pulokulon
331507,3315,33.15.07,Kradenan
331508,3315,33.15.08,Gabus
331509,3315,33.15.09,Ngaringan
331510,3315,33.15.10,Wirosari
331511,3315,33.15.11,Tawangharjo
331512,3315,33.15.12,Grobogan
331513,3315,33.15.13,Purwodadi
331514,3315,33.15.14,Brati
331515,3315,33.15.15,Klambu
331516,3315,33.15.16,Godong
331517,3315,33.15.17,Gubug
331518,3315,33.15.18,Tegowanu
331519,3315,33.15.19,Tanggungharjo
331601,3316,33.16.01,Jati
331602,3316,33.16.02,Randublatung
331603,3316,33.16.03,Kradenan
331604,3316,33.16.04,Kedungtuban
331605,3316,33.16.05,Cepu
331606,3316,33.16.06,Sambong
331607,3316,33.16.07,Jiken
331608,3316,33.16.08,Jepon
331609,3316,33.16.09,Blora
331610,3316,33.16.10,Tunjungan
331611,3316,33.16.11,Banjarejo
331612,3316,33.16.12,Ngawen
331613,3316,33.16.13,Kunduran
331614,3316,33.16.14,Todanan
331615,3316,33.16.15,Bogorejo
331616,3316,33.16.16,Japah
331701,3317,33.17.01,Sumber
331702,3317,33.17.02,Bulu
331703,3317,33.17.03,Gunem
331704,3317,33.17.04,Sale
331705,3317,33.17.05,Sarang
331706,3317,33.17.06,Sedan
331707,3317,33.17.07,Pamotan
331708,3317,33.17.08,Sulang
331709,3317,33.17.09,Kaliori
331710,3317,33.17.10,Rembang
331711,3317,33.17.11,Pancur
331712,3317,33.17.12,Kragan
331713,3317,33.17.13,Sluke
331714,3317,33.17.14,Lasem
331801,3318,33.18.01,Sukolilo
331802,3318,33.18.02,Kayen
331803,3318,33.18.03,Tambakromo
331804,3318,33.18.04,Winong
331805,3318,33.18.05,Pucakwangi
331806,3318,33.18.06,Jaken
331807,3318,33.18.07,Batangan
331808,3318,33.18.08,Juwana
331809,3318,33.18.09,Jakenan
331810,3318,33.18.10,Pati
331811,3318,33.18.11,Gabus
331812,3318,33.18.12,Margorejo
331813,3318,33.18.13,Gembong
331814,3318,33.18.14,Tlogowungu
331815,3318,33.18.15,Wedarijaksa
331816,3318,33.18.16,Margoyoso
331817,3318,33.18.17,Gunungwungkal
331818,3318,33.18.18,Cluwak
331819,3318,33.18.19,Tayu
331820,3318,33.18.20,Dukuhseti
331821,3318,33.18.21,Trangkil
331901,3319,33.19.01,Kaliwungu
331902,3319,33.19.02,Kota Kudus
331903,3319,33.19.03,Jati
331904,3319,33.19.04,Undaan
331905,3319,33.19.05,Mejobo
331906,3319,33.19.06,Jekulo
331907,3319,33.19.07,Bae
331908,3319,33.19.08,Gebog
331909,3319,33.19.09,Dawe
332001,3320,33.20.01,Kedung
332002,3320,33.20.02,Pecangaan
332003,3320,33.20.03,Welahan
332004,3320,33.20.04,Mayong
332005,3320,33.20.05,Batealit
332006,3320,33.20.06,Jepara
332007,3320,33.20.07,Mlonggo
332008,3320,33.20.08,Bangsri
332009,3320,33.20.09,Keling
332010,3320,33.20.10,Karimunjawa
332011,3320,33.20.11,Tahunan
332012,3320,33.20.12,Nalumsari
332013,3320,33.20.13,Kalinyamatan
332014,3320,33.20.14,Kembang
332015,3320,33.20.15,Pakis Aji
332016,3320,33.20.16,Donorojo
332101,3321,33.21.01,Mranggen
332102,3321,33.21.02,Karangawen
332103,3321,33.21.03,Guntur
332104,3321,33.21.04,Sayung
332105,3321,33.21.05,Karangtengah
332106,3321,33.21.06,Wonosalam
332107,3321,33.21.07,Dempet
332108,3321,33.21.08,Gajah
332109,3321,33.21.09,Karanganyar
332110,3321,33.21.10,Mijen
332111,3321,33.21.11,Demak
332112,3321,33.21.12,Bonang
332113,3321,33.21.13,Wedung
332114,3321,33.21.14,Kebonagung
332201,3322,33.22.01,Getasan
332202,3322,33.22.02,Tengaran
332203,3322,33.22.03,Susukan
332204,3322,33.22.04,Suruh
332205,3322,33.22.05,Pabelan
332206,3322,33.22.06,Tuntang
332207,3322,33.22.07,Banyubiru
332208,3322,33.22.08,Jambu
332209,3322,33.22.09,Sumowono
332210,3322,33.22.10,Ambarawa
332211,3322,33.22.11,Bawen
332212,3322,33.22.12,Bringin
332213,3322,33.22.13,Bergas
332215,3322,33.22.15,Pringapus
332216,3322,33.22.16,Bancak
332217,3322,33.22.17,Kaliwungu
332218,3322,33.22.18,Ungaran Barat
332219,3322,33.22.19,Ungaran Timur
332220,3322,33.22.20,Bandungan
332301,3323,33.23.01,Bulu
332302,3323,33.23.02,Tembarak
332303,3323,33.23.03,Temanggung
332304,3323,33.23.04,Pringsurat
332305,3323,33.23.05,Kaloran
332306,3323,33.23.06,Kandangan
332307,3323,33.23.07,Kedu
332308,3323,33.23.08,Parakan
332309,3323,33.23.09,Ngadirejo
332310,3323,33.23.10,Jumo
332311,3323,33.23.11,Tretep
332312,3323,33.23.12,Candiroto
332313,3323,33.23.13,Kranggan
332314,3323,33.23.14,Tlogomulyo
332315,3323,33.23.15,Selopampang
332316,3323,33.23.16,Bansari
332317,3323,33.23.17,Kledung
332318,3323,33.23.18,Bejen
332319,3323,33.23.19,Wonoboyo
332320,3323,33.23.20,Gemawang
332401,3324,33.24.01,Plantungan
332402,3324,33.24.02,Pageruyung
332403,3324,33.24.03,Sukorejo
332404,3324,33.24.04,Patean
332405,3324,33.24.05,Singorojo
332406,3324,33.24.06,Limbangan
332407,3324,33.24.07,Boja
332408,3324,33.24.08,Kaliwungu
332409,3324,33.24.09,Brangsong
332410,3324,33.24.10,Pegandon
332411,3324,33.24.11,Gemuh
332412,3324,33.24.12,Weleri
332413,3324,33.24.13,Cepiring
332414,3324,33.24.14,Patebon
332415,3324,33.24.15,Kendal
332416,3324,33.24.16,Rowosari
332417,3324,33.24.17,Kangkung
332418,3324,33.24.18,Ringinarum
332419,3324,33.24.19,Ngampel
332420,3324,33.24.20,Kaliwungu Selatan
332501,3325,33.25.01,Wonotunggal
332502,3325,33.25.02,Bandar
332503,3325,33.25.03,Blado
332504,3325,33.25.04,Reban
332505,3325,33.25.05,Bawang
332506,3325,33.25.06,Tersono
332507,3325,33.25.07,Gringsing
332508,3325,33.25.08,Limpung
332509,3325,33.25.09,Subah
332510,3325,33.25.10,Tulis
332511,3325,33.25.11,Batang
332512,3325,33.25.12,Warungasem
332513,3325,33.25.13,Kandeman
332514,3325,33.25.14,Pecalungan
332515,3325,33.25.15,Banyuputih
332601,3326,33.26.01,Kandangserang
332602,3326,33.26.02,Paninggaran
332603,3326,33.26.03,Lebakbarang
332604,3326,33.26.04,Petungkriyono
332605,3326,33.26.05,Talun
332606,3326,33.26.06,Doro
332607,3326,33.26.07,Karanganyar
332608,3326,33.26.08,Kajen
332609,3326,33.26.09,Kesesi
332610,3326,33.26.10,Sragi
332611,3326,33.26.11,Bojong
332612,3326,33.26.12,Wonopringgo
332613,3326,33.26.13,Kedungwuni
332614,3326,33.26.14,Buaran
332615,3326,33.26.15,Tirto
332616,3326,33.26.16,Wiradesa
332617,3326,33.26.17,Siwalan
332618,3326,33.26.18,Karangdadap
332619,3326,33.26.19,Wonokerto
332701,3327,33.27.01,Moga
332702,3327,33.27.02,Pulosari
332703,3327,33.27.03,Belik
332704,3327,33.27.04,Watukumpul
332705,3327,33.27.05,Bodeh
332706,3327,33.27.06,Bantarbolang
332707,3327,33.27.07,Randudongkal
332708,3327,33.27.08,Pemalang
332709,3327,33.27.09,Taman
332710,3327,33.27.10,Petarukan
332711,3327,33.27.11,Ampelgading
332712,3327,33.27.12,Comal
332713,3327,33.27.13,Ulujami
332714,3327,33.27.14,Warungpring
332801,3328,33.28.01,Margasari
332802,3328,33.28.02,Bumijawa
332803,3328,33.28.03,Bojong
332804,3328,33.28.04,Balapulang
332805,3328,33.28.05,Pagerbarang
332806,3328,33.28.06,Lebaksiu
332807,3328,33.28.07,Jatinegara
332808,3328,33.28.08,Kedungbanteng
332809,3328,33.28.09,Pangkah
332810,3328,33.28.10,Slawi
332811,3328,33.28.11,Adiwerna
332812,3328,33.28.12,Talang
332813,3328,33.28.13,Dukuhturi
332814,3328,33.28.14,Tarub
332815,3328,33.28.15,Kramat
332816,3328,33.28.16,Suradadi
332817,3328,33.28.17,Warureja
332818,3328,33.28.18,Dukuhwaru
332901,3329,33.29.01,Salem
332902,3329,33.29.02,Bantarkawung
332903,3329,33.29.03,Bumiayu
332904,3329,33.29.04,Paguyangan
332905,3329,33.29.05,Sirampog
332906,3329,33.29.06,Tonjong
332907,3329,33.29.07,Jatibarang
332908,3329,33.29.08,Wanasari
332909,3329,33.29.09,Brebes
332910,3329,33.29.10,Songgom
332911,3329,33.29.11,Kersana
332912,3329,33.29.12,Losari
332913,3329,33.29.13,Tanjung
332914,3329,33.29.14,Bulakamba
332915,3329,33.29.15,Larangan
332916,3329,33.29.16,Ketanggungan
332917,3329,33.29.17,Banjarharjo
337101,3371,33.71.01,Magelang Selatan
337102,3371,33.71.02,Magelang Utara
337103,3371,33.71.03,Magelang Tengah
337201,3372,33.72.01,Laweyan
337202,3372,33.72.02,Serengan
337203,3372,33.72.03,Pasar Kliwon
337204,3372,33.72.04,Jebres
337205,3372,33.72.05,Banjarsari
337301,3373,33.73.01,Sidorejo
337302,3373,33.73.02,Tingkir
337303,3373,33.73.03,Argomulyo
337304,3373,33.73.04,Sidomukti
337401,3374,33.74.01,Semarang Tengah
337402,3374,33.74.02,Semarang Utara
337403,3374,33.74.03,Semarang Timur
337404,3374,33.74.04,Gayamsari
337405,3374,33.74.05,Genuk
337406,3374,33.74.06,Pedurungan
337407,3374,33.74.07,Semarang Selatan
337408,3374,33.74.08,Candisari
337409,3374,33.74.09,Gajahmungkur
337410,3374,33.74.10,Tembalang
337411,3374,33.74.11,Banyumanik
337412,3374,33.74.12,Gunungpati
337413,3374,33.74.13,Semarang Barat
337414,3374,33.74.14,Mijen
337415,3374,33.74.15,Ngaliyan
337416,3374,33.74.16,Tugu
337501,3375,33.75.01,Pekalongan Barat
337502,3375,33.75.02,Pekalongan Timur
337503,3375,33.75.03,Pekalongan Utara
337504,3375,33.75.04,Pekalongan Selatan
337601,3376,33.76.01,Tegal Barat
337602,3376,33.76.02,Tegal Timur
337603,3376,33.76.03,Tegal Selatan
337604,3376,33.76.04,Margadana
340101,3401,34.01.01,Temon
340102,3401,34.01.02,Wates
340103,3401,34.01.03,Panjatan
340104,3401,34.01.04,Galur
340105,3401,34.01.05,Lendah
340106,3401,34.01.06,Sentolo
340107,3401,34.01.07,Pengasih
340108,3401,34.01.08,Kokap
340109,3401,34.01.09,Girimulyo
340110,3401,34.01.10,Nanggulan
340111,3401,34.01.11,Samigaluh
340112,3401,34.01.12,Kalibawang
340201,3402,34.02.01,Srandakan
340202,3402,34.02.02,Sanden
340203,3402,34.02.03,Kretek
340204,3402,34.02.04,Pundong
340205,3402,34.02.05,Bambanglipuro
340206,3402,34.02.06,Pandak
340207,3402,34.02.07,Pajangan
340208,3402,34.02.08,Bantul
340209,3402,34.02.09,Jetis
340210,3402,34.02.10,Imogiri
340211,3402,34.02.11,Dlingo
340212,3402,34.02.12,Banguntapan
340213,3402,34.02.13,Pleret
340214,3402,34.02.14,Piyungan
340215,3402,34.02.15,Sewon
340216,3402,34.02.16,Kasihan
340217,3402,34.02.17,Sedayu
340301,3403,34.03.01,Wonosari
340302,3403,34.03.02,Nglipar
340303,3403,34.03.03,Playen
340304,3403,34.03.04,Patuk
340305,3403,34.03.05,Paliyan
340306,3403,34.03.06,Panggang
340307,3403,34.03.07,Tepus
340308,3403,34.03.08,Semanu
340309,3403,34.03.09,Karangmojo
340310,3403,34.03.10,Ponjong
340311,3403,34.03.11,Rongkop
340312,3403,34.03.12,Semin
340313,3403,34.03.13,Ngawen
340314,3403,34.03.14,Gedangsari
340315,3403,34.03.15,Saptosari
340316,3403,34.03.16,Girisubo
340317,3403,34.03.17,Tanjungsari
340318,3403,34.03.18,Purwosari
340401,3404,34.04.01,Gamping
340402,3404,34.04.02,Godean
340403,3404,34.04.03,Moyudan
340404,3404,34.04.04,Minggir
340405,3404,34.04.05,Seyegan
340406,3404,34.04.06,Mlati
340407,3404,34.04.07,Depok
340408,3404,34.04.08,Berbah
340409,3404,34.04.09,Prambanan
340410,3404,34.04.10,Kalasan
340411,3404,34.04.11,Ngemplak
340412,3404,34.04.12,Ngaglik
340413,3404,34.04.13,Sleman
340414,3404,34.04.14,Tempel
340415,3404,34.04.15,Turi
340416,3404,34.04.16,Pakem
340417,3404,34.04.17,Cangkringan
347101,3471,34.71.01,Tegalrejo
347102,3471,34.71.02,Jetis
347103,3471,34.71.03,Gondokusuman
347104,3471,34.71.04,Danurejan
347105,3471,34.71.05,Gedongtengen
347106,3471,34.71.06,Ngampilan
347107,3471,34.71.07,Wirobrajan
347108,3471,34.71.08,Mantrijeron
347109,3471,34.71.09,Kraton
347110,3471,34.71.10,Gondomanan
347111,3471,34.71.11,Pakualaman
347112,3471,34.71.12,Mergangsan
347113,3471,34.71.13,Umbulharjo
347114,3471,34.71.14,Kotagede
350101,3501,35.01.01,Donorojo
350102,3501,35.01.02,Pringkuku
350103,3501,35.01.03,Punung
350104,3501,35.01.04,Pacitan
350105,3501,35.01.05,Kebonagung
350106,3501,35.01.06,Arjosari
350107,3501,35.01.07,Nawangan
350108,3501,35.01.08,Bandar
350109,3501,35.01.09,Tegalombo
350110,3501,35.01.10,Tulakan
350111,3501,35.01.11,Ngadirojo
350112,3501,35.01.12,Sudimoro
350201,3502,35.02.01,Slahung
350202,3502,35.02.02,Ngrayun
350203,3502,35.02.03,Bungkal
350204,3502,35.02.04,Sambit
350205,3502,35.02.05,Sawoo
350206,3502,35.02.06,Sooko
350207,3502,35.02.07,Pulung
350208,3502,35.02.08,Mlarak
350209,3502,35.02.09,Jetis
350210,3502,35.02.10,Siman
350211,3502,35.02.11,Balong
350212,3502,35.02.12,Kauman
350213,3502,35.02.13,Badegan
350214,3502,35.02.14,Sampung
350215,3502,35.02.15,Sukorejo
350216,3502,35.02.16,Babadan
350217,3502,35.02.17,Ponorogo
350218,3502,35.02.18,Jenangan
350219,3502,35.02.19,Ngebel
350220,3502,35.02.20,Jambon
350221,3502,35.02.21,Pudak
350301,3503,35.03.01,Panggul
350302,3503,35.03.02,Munjungan
350303,3503,35.03.03,Pule
350304,3503,35.03.04,Dongko
350305,3503,35.03.05,Tugu
350306,3503,35.03.06,Karangan
350307,3503,35.03.07,Kampak
350308,3503,35.03.08,Watulimo
350309,3503,35.03.09,Bendungan
350310,3503,35.03.10,Gandusari
350311,3503,35.03.11,Trenggalek
350312,3503,35.03.12,Pogalan
350313,3503,35.03.13,Durenan
350314,3503,35.03.14,Suruh
350401,3504,35.04.01,Tulungagung
350402,3504,35.04.02,Boyolangu
350403,3504,35.04.03,Kedungwaru
350404,3504,35.04.04,Ngantru
350405,3504,35.04.05,Kauman
350406,3504,35.04.06,Pagerwojo
350407,3504,35.04.07,Sendang
350408,3504,35.04.08,Karangrejo
350409,3504,35.04.09,Gondang
350410,3504,35.04.10,Sumbergempol
350411,3504,35.04.11,Ngunut
350412,3504,35.04.12,Pucanglaban
350413,3504,35.04.13,Rejotangan
350414,3504,35.04.14,Kalidawir
350415,3504,35.04.15,Besuki
350416,3504,35.04.16,Campurdarat
350417,3504,35.04.17,Bandung
350418,3504,35.04.18,Pakel
350419,3504,35.04.19,Tanggunggunung
350501,3505,35.05.01,Wonodadi
350502,3505,35.05.02,Udanawu
350503,3505,35.05.03,Srengat
350504,3505,35.05.04,Kademangan
350505,3505,35.05.05,Bakung
350506,3505,35.05.06,Ponggok
350507,3505,35.05.07,Sanankulon
350508,3505,35.05.08,Wonotirto
350509,3505,35.05.09,Nglegok
350510,3505,35.05.10,Kanigoro
350511,3505,35.05.11,Garum
350512,3505,35.05.12,Sutojayan
350513,3505,35.05.13,Panggungrejo
350514,3505,35.05.14,Talun
350515,3505,35.05.15,Gandusari
350516,3505,35.05.16,Binangun
350517,3505,35.05.17,Wlingi
350518,3505,35.05.18,Doko
350519,3505,35.05.19,Kesamben
350520,3505,35.05.20,Wates
350521,3505,35.05.21,Selorejo
350522,3505,35.05.22,Selopuro
350601,3506,35.06.01,Semen
350602,3506,35.06.02,Mojo
350603,3506,35.06.03,Kras
350604,3506,35.06.04,Ngadiluwih
350605,3506,35.06.05,Kandat
350606,3506,35.06.06,Wates
350607,3506,35.06.07,Ngancar
350608,3506,35.06.08,Puncu
350609,3506,35.06.09,Plosoklaten
350610,3506,35.06.10,Gurah
350611,3506,35.06.11,Pagu
350612,3506,35.06.12,Gampengrejo
350613,3506,35.06.13,Grogol
350614,3506,35.06.14,Papar
350615,3506,35.06.15,Purwoasri
350616,3506,35.06.16,Plemahan
350617,3506,35.06.17,Pare
350618,3506,35.06.18,Kepung
350619,3506,35.06.19,Kandangan
350620,3506,35.06.20,Tarokan
350621,3506,35.06.21,Kunjang
350622,3506,35.06.22,Banyakan
350623,3506,35.06.23,Ringinrejo
350624,3506,35.06.24,Kayen Kidul
350625,3506,35.06.25,Ngasem
350626,3506,35.06.26,Badas
350701,3507,35.07.01,Donomulyo
350702,3507,35.07.02,Pagak
350703,3507,35.07.03,Bantur
350704,3507,35.07.04,Sumbermanjing Wetan
350705,3507,35.07.05,Dampit
350706,3507,35.07.06,Ampelgading
350707,3507,35.07.07,Poncokusumo
350708,3507,35.07.08,Wajak
350709,3507,35.07.09,Turen
350710,3507,35.07.10,Gondanglegi
350711,3507,35.07.11,Kalipare
350712,3507,35.07.12,Sumberpucung
350713,3507,35.07.13,Kepanjen
350714,3507,35.07.14,Bululawang
350715,3507,35.07.15,Tajinan
350716,3507,35.07.16,Tumpang
350717,3507,35.07.17,Jabung
350718,3507,35.07.18,Pakis
350719,3507,35.07.19,Pakisaji
350720,3507,35.07.20,Ngajum
350721,3507,35.07.21,Wagir
350722,3507,35.07.22,Dau
350723,3507,35.07.23,Karangploso
350724,3507,35.07.24,Singosari
350725,3507,35.07.25,Lawang
350726,3507,35.07.26,Pujon
350727,3507,35.07.27,Ngantang
350728,3507,35.07.28,Kasembon
350729,3507,35.07.29,Gedangan
350730,3507,35.07.30,Tirtoyudo
350731,3507,35.07.31,Kromengan
350732,3507,35.07.32,Wonosari
350733,3507,35.07.33,Pagelaran
350801,3508,35.08.01,Tempursari
350802,3508,35.08.02,Pronojiwo
350803,3508,35.08.03,Candipuro
350804,3508,35.08.04,Pasirian
350805,3508,35.08.05,Tempeh
350806,3508,35.08.06,Kunir
350807,3508,35.08.07,Yosowilangun
350808,3508,35.08.08,Rowokangkung
350809,3508,35.08.09,Tekung
350810,3508,35.08.10,Lumajang
350811,3508,35.08.11,Pasrujambe
350812,3508,35.08.12,Senduro
350813,3508,35.08.13,Gucialit
350814,3508,35.08.14,Padang
350815,3508,35.08.15,Sukodono
350816,3508,35.08.16,Kedungjajang
350817,3508,35.08.17,Jatiroto
350818,3508,35.08.18,Randuagung
350819,3508,35.08.19,Klakah
350820,3508,35.08.20,Ranuyoso
350821,3508,35.08.21,Sumbersuko
350901,3509,35.09.01,Jombang
350902,3509,35.09.02,Kencong
350903,3509,35.09.03,Sumberbaru
350904,3509,35.09.04,Gumukmas
350905,3509,35.09.05,Umbulsari
350906,3509,35.09.06,Tanggul
350907,3509,35.09.07,Semboro
350908,3509,35.09.08,Puger
350909,3509,35.09.09,Bangsalsari
350910,3509,35.09.10,Balung
350911,3509,35.09.11,Wuluhan
350912,3509,35.09.12,Ambulu
350913,3509,35.09.13,Rambipuji
350914,3509,35.09.14,Panti
350915,3509,35.09.15,Sukorambi
350916,3509,35.09.16,Jenggawah
350917,3509,35.09.17,Ajung
350918,3509,35.09.18,Tempurejo
350919,3509,35.09.19,Kaliwates
350920,3509,35.09.20,Patrang
350921,3509,35.09.21,Sumbersari
350922,3509,35.09.22,Arjasa
350923,3509,35.09.23,Mumbulsari
350924,3509,35.09.24,Pakusari
350925,3509,35.09.25,Jelbuk
350926,3509,35.09.26,Mayang
350927,3509,35.09.27,Kalisat
350928,3509,35.09.28,Ledokombo
350929,3509,35.09.29,Sukowono
350930,3509,35.09.30,Silo
350931,3509,35.09.31,Sumberjambe
351001,3510,35.10.01,Pesanggaran
351002,3510,35.10.02,Bangorejo
351003,3510,35.10.03,Purwoharjo
351004,3510,35.10.04,Tegaldlimo
351005,3510,35.10.05,Muncar
351006,3510,35.10.06,Cluring
351007,3510,35.10.07,Gambiran
351008,3510,35.10.08,Srono
351009,3510,35.10.09,Genteng
351010,3510,35.10.10,Glenmore
351011,3510,35.10.11,Kalibaru
351012,3510,35.10.12,Singojuruh
351013,3510,35.10.13,Rogojampi
351014,3510,35.10.14,Kabat
351015,3510,35.10.15,Glagah
351016,3510,35.10.16,Banyuwangi
351017,3510,35.10.17,Giri
351018,3510,35.10.18,Wongsorejo
351019,3510,35.10.19,Songgon
351020,3510,35.10.20,Sempu
351021,3510,35.10.21,Kalipuro
351022,3510,35.10.22,Siliragung
351023,3510,35.10.23,Tegalsari
351024,3510,35.10.24,Licin
351025,3510,35.10.25,Blimbingsari
351101,3511,35.11.01,Maesan
351102,3511,35.11.02,Tamanan
351103,3511,35.11.03,Tlogosari
351104,3511,35.11.04,Sukosari
351105,3511,35.11.05,Pujer
351106,3511,35.11.06,Grujugan
351107,3511,35.11.07,Curahdami
351108,3511,35.11.08,Tenggarang
351109,3511,35.11.09,Wonosari
351110,3511,35.11.10,Tapen
351111,3511,35.11.11,Bondowoso
351112,3511,35.11.12,Wringin
351113,3511,35.11.13,Tegalampel
351114,3511,35.11.14,Klabang
351115,3511,35.11.15,Cermee
351116,3511,35.11.16,Prajekan
351117,3511,35.11.17,Pakem
351118,3511,35.11.18,Sumberwringin
351119,3511,35.11.19,Sempol
351120,3511,35.11.20,Binakal
351121,3511,35.11.21,Taman Krocok
351122,3511,35.11.22,Botolinggo
351123,3511,35.11.23,Jambesari Darus Sholah
351201,3512,35.12.01,Jatibanteng
351202,3512,35.12.02,Besuki
351203,3512,35.12.03,Suboh
351204,3512,35.12.04,Mlandingan
351205,3512,35.12.05,Kendit
351206,3512,35.12.06,Panarukan
351207,3512,35.12.07,Situbondo
351208,3512,35.12.08,Panji
351209,3512,35.12.09,Mangaran
351210,3512,35.12.10,Kapongan
351211,3512,35.12.11,Arjasa
351212,3512,35.12.12,Jangkar
351213,3512,35.12.13,Asembagus
351214,3512,35.12.14,Banyuputih
351215,3512,35.12.15,Sumbermalang
351216,3512,35.12.16,Banyuglugur
351217,3512,35.12.17,Bungatan
351301,3513,35.13.01,Sukapura
351302,3513,35.13.02,Sumber
351303,3513,35.13.03,Kuripan
351304,3513,35.13.04,Bantaran
351305,3513,35.13.05,Leces
351306,3513,35.13.06,Banyuanyar
351307,3513,35.13.07,Tiris
351308,3513,35.13.08,Krucil
351309,3513,35.13.09,Gading
351310,3513,35.13.10,Pakuniran
351311,3513,35.13.11,Kotaanyar
351312,3513,35.13.12,Paiton
351313,3513,35.13.13,Besuk
351314,3513,35.13.14,Kraksaan
351315,3513,35.13.15,Krejengan
351316,3513,35.13.16,Pajarakan
351317,3513,35.13.17,Maron
351318,3513,35.13.18,Gending
351319,3513,35.13.19,Dringu
351320,3513,35.13.20,Tegalsiwalan
351321,3513,35.13.21,Sumberasih
351322,3513,35.13.22,Wonomerto
351323,3513,35.13.23,Tongas
351324,3513,35.13.24,Lumbang
351401,3514,35.14.01,Purwodadi
351402,3514,35.14.02,Tutur
351403,3514,35.14.03,Puspo
351404,3514,35.14.04,Lumbang
351405,3514,35.14.05,Pasrepan
351406,3514,35.14.06,Kejayan
351407,3514,35.14.07,Wonorejo
351408,3514,35.14.08,Purwosari
351409,3514,35.14.09,Sukorejo
351410,3514,35.14.10,Prigen
351411,3514,35.14.11,Pandaan
351412,3514,35.14.12,Gempol
351413,3514,35.14.13,Beji
351414,3514,35.14.14,Bangil
351415,3514,35.14.15,Rembang
351416,3514,35.14.16,Kraton
351417,3514,35.14.17,Pohjentrek
351418,3514,35.14.18,Gondangwetan
351419,3514,35.14.19,Winongan
351420,3514,35.14.20,Grati
351421,3514,35.14.21,Nguling
351422,3514,35.14.22,Lekok
351423,3514,35.14.23,Rejoso
351424,3514,35.14.24,Tosari
351501,3515,35.15.01,Tarik
351502,3515,35.15.02,Prambon
351503,3515,35.15.03,Krembung
351504,3515,35.15.04,Porong
351505,3515,35.15.05,Jabon
351506,3515,35.15.06,Tanggulangin
351507,3515,35.15.07,Candi
351508,3515,35.15.08,Sidoarjo
351509,3515,35.15.09,Tulangan
351510,3515,35.15.10,Wonoayu
351511,3515,35.15.11,Krian
351512,3515,35.15.12,Balongbendo
351513,3515,35.15.13,Taman
351514,3515,35.15.14,Sukodono
351515,3515,35.15.15,Buduran
351516,3515,35.15.16,Gedangan
351517,3515,35.15.17,Sedati
351518,3515,35.15.18,Waru
351601,3516,35.16.01,Jatirejo
351602,3516,35.16.02,Gondang
351603,3516,35.16.03,Pacet
351604,3516,35.16.04,Trawas
351605,3516,35.16.05,Ngoro
351606,3516,35.16.06,Pungging
351607,3516,35.16.07,Kutorejo
351608,3516,35.16.08,Mojosari
351609,3516,35.16.09,Dlanggu
351610,3516,35.16.10,Bangsal
351611,3516,35.16.11,Puri
351612,3516,35.16.12,Trowulan
351613,3516,35.16.13,Sooko
351614,3516,35.16.14,Gedeg
351615,3516,35.16.15,Kemlagi
351616,3516,35.16.16,Jetis
351617,3516,35.16.17,Dawarblandong
351618,3516,35.16.18,Mojoanyar
351701,3517,35.17.01,Perak
351702,3517,35.17.02,Gudo
351703,3517,35.17.03,Ngoro
351704,3517,35.17.04,Bareng
351705,3517,35.17.05,Wonosalam
351706,3517,35.17.06,Mojoagung
351707,3517,35.17.07,Mojowarno
351708,3517,35.17.08,Diwek
351709,3517,35.17.09,Jombang
351710,3517,35.17.10,Peterongan
351711,3517,35.17.11,Sumobito
351712,3517,35.17.12,Kesamben
351713,3517,35.17.13,Tembelang
351714,3517,35.17.14,Ploso
351715,3517,35.17.15,Plandaan
351716,3517,35.17.16,Kabuh
351717,3517,35.17.17,Kudu
351718,3517,35.17.18,Bandarkedungmulyo
351719,3517,35.17.19,Jogoroto
351720,3517,35.17.20,Megaluh
351721,3517,35.17.21,Ngusikan
351801,3518,35.18.01,Sawahan
351802,3518,35.18.02,Ngetos
351803,3518,35.18.03,Berbek
351804,3518,35.18.04,Loceret
351805,3518,35.18.05,Pace
351806,3518,35.18.06,Prambon
351807,3518,35.18.07,Ngronggot
351808,3518,35.18.08,Kertosono
351809,3518,35.18.09,Patianrowo
351810,3518,35.18.10,Baron
351811,3518,35.18.11,Tanjunganom
351812,3518,35.18.12,Sukomoro
351813,3518,35.18.13,Nganjuk
351814,3518,35.18.14,Bagor
351815,3518,35.18.15,Wilangan
351816,3518,35.18.16,Rejoso
351817,3518,35.18.17,Gondang
351818,3518,35.18.18,Ngluyu
351819,3518,35.18.19,Lengkong
351820,3518,35.18.20,Jatikalen
351901,3519,35.19.01,Kebonsari
351902,3519,35.19.02,Dolopo
351903,3519,35.19.03,Geger
351904,3519,35.19.04,Dagangan
351905,3519,35.19.05,Kare
351906,3519,35.19.06,Gemarang
351907,3519,35.19.07,Wungu
351908,3519,35.19.08,Madiun
351909,3519,35.19.09,Jiwan
351910,3519,35.19.10,Balerejo
351911,3519,35.19.11,Mejayan
351912,3519,35.19.12,Saradan
351913,3519,35.19.13,Pilangkenceng
351914,3519,35.19.14,Sawahan
351915,3519,35.19.15,Wonoasri
352001,3520,35.20.01,Poncol
352002,3520,35.20.02,Parang
352003,3520,35.20.03,Lembeyan
352004,3520,35.20.04,Takeran
352005,3520,35.20.05,Kawedanan
352006,3520,35.20.06,Magetan
352007,3520,35.20.07,Plaosan
352008,3520,35.20.08,Panekan
352009,3520,35.20.09,Sukomoro
352010,3520,35.20.10,Bendo
352011,3520,35.20.11,Maospati
352012,3520,35.20.12,Barat
352013,3520,35.20.13,Karangrejo
352014,3520,35.20.14,Karas
352015,3520,35.20.15,Kartoharjo
352016,3520,35.20.16,Ngariboyo
352017,3520,35.20.17,Nguntoronadi
352018,3520,35.20.18,Sidorejo
352101,3521,35.21.01,Sine
352102,3521,35.21.02,Ngrambe
352103,3521,35.21.03,Jogorogo
352104,3521,35.21.04,Kendal
352105,3521,35.21.05,Geneng
352106,3521,35.21.06,Kwadungan
352107,3521,35.21.07,Karangjati
352108,3521,35.21.08,Padas
352109,3521,35.21.09,Ngawi
352110,3521,35.21.10,Paron
352111,3521,35.21.11,Kedunggalar
352112,3521,35.21.12,Widodaren
352113,3521,35.21.13,Mantingan
352114,3521,35.21.14,Pangkur
352115,3521,35.21.15,Bringin
352116,3521,35.21.16,Pitu
352117,3521,35.21.17,Karanganyar
352118,3521,35.21.18,Gerih
352119,3521,35.21.19,Kasreman
352201,3522,35.22.01,Ngraho
352202,3522,35.22.02,Tambakrejo
352203,3522,35.22.03,Ngambon
352204,3522,35.22.04,Ngasem
352205,3522,35.22.05,Bubulan
352206,3522,35.22.06,Dander
352207,3522,35.22.07,Sugihwaras
352208,3522,35.22.08,Kedungadem
352209,3522,35.22.09,Kepohbaru
352210,3522,35.22.10,Baureno
352211,3522,35.22.11,Kanor
352212,3522,35.22.12,Sumberrejo
352213,3522,35.22.13,Balen
352214,3522,35.22.14,Kapas
352215,3522,35.22.15,Bojonegoro
352216,3522,35.22.16,Kalitidu
352217,3522,35.22.17,Malo
352218,3522,35.22.18,Purwosari
352219,3522,35.22.19,Padangan
352220,3522,35.22.20,Kasiman
352221,3522,35.22.21,Temayang
352222,3522,35.22.22,Margomulyo
352223,3522,35.22.23,Trucuk
352224,3522,35.22.24,Sukosewu
352225,3522,35.22.25,Kedewan
352226,3522,35.22.26,Gondang
352227,3522,35.22.27,Sekar
352228,3522,35.22.28,Gayam
352301,3523,35.23.01,Kenduruan
352302,3523,35.23.02,Jatirogo
352303,3523,35.23.03,Bangilan
352304,3523,35.23.04,Bancar
352305,3523,35.23.05,Senori
352306,3523,35.23.06,Tambakboyo
352307,3523,35.23.07,Singgahan
352308,3523,35.23.08,Kerek
352309,3523,35.23.09,Parengan
352310,3523,35.23.10,Montong
352311,3523,35.23.11,Soko
352312,3523,35.23.12,Jenu
352313,3523,35.23.13,Merakurak
352314,3523,35.23.14,Rengel
352315,3523,35.23.15,Semanding
352316,3523,35.23.16,Tuban
352317,3523,35.23.17,Plumpang
352318,3523,35.23.18,Palang
352319,3523,35.23.19,Widang
352320,3523,35.23.20,Grabagan
352401,3524,35.24.01,Sukorame
352402,3524,35.24.02,Bluluk
352403,3524,35.24.03,Modo
352404,3524,35.24.04,Ngimbang
352405,3524,35.24.05,Babat
352406,3524,35.24.06,Kedungpring
352407,3524,35.24.07,Brondong
352408,3524,35.24.08,Laren
352409,3524,35.24.09,Sekaran
352410,3524,35.24.10,Maduran
352411,3524,35.24.11,Sambeng
352412,3524,35.24.12,Sugio
352413,3524,35.24.13,Pucuk
352414,3524,35.24.14,Paciran
352415,3524,35.24.15,Solokuro
352416,3524,35.24.16,Mantup
352417,3524,35.24.17,Sukodadi
352418,3524,35.24.18,Karanggeneng
352419,3524,35.24.19,Kembangbahu
352420,3524,35.24.20,Kalitengah
352421,3524,35.24.21,Turi
352422,3524,35.24.22,Lamongan
352423,3524,35.24.23,Tikung
352424,3524,35.24.24,Karangbinangun
352425,3524,35.24.25,Deket
352426,3524,35.24.26,Glagah
352427,3524,35.24.27,Sarirejo
352501,3525,35.25.01,Dukun
352502,3525,35.25.02,Balongpanggang
352503,3525,35.25.03,Panceng
352504,3525,35.25.04,Benjeng
352505,3525,35.25.05,Duduksampeyan
352506,3525,35.25.06,Wringinanom
352507,3525,35.25.07,Ujungpangkah
352508,3525,35.25.08,Kedamean
352509,3525,35.25.09,Sidayu
352510,3525,35.25.10,Manyar
352511,3525,35.25.11,Cerme
352512,3525,35.25.12,Bungah
352513,3525,35.25.13,Menganti
352514,3525,35.25.14,Kebomas
352515,3525,35.25.15,Driyorejo
352516,3525,35.25.16,Gresik
352517,3525,35.25.17,Sangkapura
352518,3525,35.25.18,Tambak
352601,3526,35.26.01,Bangkalan
352602,3526,35.26.02,Socah
352603,3526,35.26.03,Burneh
352604,3526,35.26.04,Kamal
352605,3526,35.26.05,Arosbaya
352606,3526,35.26.06,Geger
352607,3526,35.26.07,Klampis
352608,3526,35.26.08,Sepulu
352609,3526,35.26.09,Tanjung Bumi
352610,3526,35.26.10,Kokop
352611,3526,35.26.11,Kwanyar
352612,3526,35.26.12,Labang
352613,3526,35.26.13,Tanah Merah
352614,3526,35.26.14,Tragah
352615,3526,35.26.15,Blega
352616,3526,35.26.16,Modung
352617,3526,35.26.17,Konang
352618,3526,35.26.18,Galis
352701,3527,35.27.01,Sreseh
352702,3527,35.27.02,Torjun
352703,3527,35.27.03,Sampang
352704,3527,35.27.04,Camplong
352705,3527,35.27.05,Omben
352706,3527,35.27.06,Kedungdung
352707,3527,35.27.07,Jrengik
352708,3527,35.27.08,Tambelangan
352709,3527,35.27.09,Banyuates
352710,3527,35.27.10,Robatal
352711,3527,35.27.11,Sokobanah
352712,3527,35.27.12,Ketapang
352713,3527,35.27.13,Pangarengan
352714,3527,35.27.14,Karangpenang
352801,3528,35.28.01,Tlanakan
352802,3528,35.28.02,Pademawu
352803,3528,35.28.03,Galis
352804,3528,35.28.04,Pamekasan
352805,3528,35.28.05,Proppo
352806,3528,35.28.06,Palengaan
352807,3528,35.28.07,Pegantenan
352808,3528,35.28.08,Larangan
352809,3528,35.28.09,Pakong
352810,3528,35.28.10,Waru
352811,3528,35.28.11,Batumarmar
352812,3528,35.28.12,Kadur
352813,3528,35.28.13,Pasean
352901,3529,35.29.01,Kota Sumenep
352902,3529,35.29.02,Kalianget
352903,3529,35.29.03,Manding
352904,3529,35.29.04,Talango
352905,3529,35.29.05,Bluto
352906,3529,35.29.06,Saronggi
352907,3529,35.29.07,Lenteng
352908,3529,35.29.08,Giliginting
352909,3529,35.29.09,Guluk-Guluk
352910,3529,35.29.10,Ganding
352911,3529,35.29.11,Pragaan
352912,3529,35.29.12,Ambunten
352913,3529,35.29.13,Pasongsongan
352914,3529,35.29.14,Dasuk
352915,3529,35.29.15,Rubaru
352916,3529,35.29.16,Batang Batang
352917,3529,35.29.17,Batuputih
352918,3529,35.29.18,Dungkek
352919,3529,35.29.19,Gapura
352920,3529,35.29.20,Gayam
352921,3529,35.29.21,Nonggunong
352922,3529,35.29.22,Ra'as
352923,3529,35.29.23,Masalembu
352924,3529,35.29.24,Arjasa
352925,3529,35.29.25,Sapeken
352926,3529,35.29.26,Batuan
352927,3529,35.29.27,Kangayan
357101,3571,35.71.01,Mojoroto
357102,3571,35.71.02,Kota
357103,3571,35.71.03,Pesantren
357201,3572,35.72.01,Kepanjenkidul
357202,3572,35.72.02,Sukorejo
357203,3572,35.72.03,Sananwetan
357301,3573,35.73.01,Blimbing
357302,3573,35.73.02,Klojen
357303,3573,35.73.03,Kedungkandang
357304,3573,35.73.04,Sukun
357305,3573,35.73.05,Lowokwaru
357401,3574,35.74.01,Kademangan
357402,3574,35.74.02,Wonoasih
357403,3574,35.74.03,Mayangan
357404,3574,35.74.04,Kanigaran
357405,3574,35.74.05,Kedopok
357501,3575,35.75.01,Gadingrejo
357502,3575,35.75.02,Purworejo
357503,3575,35.75.03,Bugul Kidul
357504,3575,35.75.04,Panggungrejo
357601,3576,35.76.01,Prajuritkulon
357602,3576,35.76.02,Magersari
357603,3576,35.76.03,Kranggan
357701,3577,35.77.01,Kartoharjo
357702,3577,35.77.02,Manguharjo
357703,3577,35.77.03,Taman
357801,3578,35.78.01,Karang Pilang
357802,3578,35.78.02,Wonocolo
357803,3578,35.78.03,Rungkut
357804,3578,35.78.04,Wonokromo
357805,3578,35.78.05,Tegalsari
357806,3578,35.78.06,Sawahan
357807,3578,35.78.07,Genteng
357808,3578,35.78.08,Gubeng
357809,3578,35.78.09,Sukolilo
357810,3578,35.78.10,Tambaksari
357811,3578,35.78.11,Simokerto
357812,3578,35.78.12,Pabean Cantian
357813,3578,35.78.13,Bubutan
357814,3578,35.78.14,Tandes
357815,3578,35.78.15,Krembangan
357816,3578,35.78.16,Semampir
357817,3578,35.78.17,Kenjeran
357818,3578,35.78.18,Lakarsantri
357819,3578,35.78.19,Benowo
357820,3578,35.78.20,Wiyung
357821,3578,35.78.21,Dukuh Pakis
357822,3578,35.78.22,Gayungan
357823,3578,35.78.23,Jambangan
357824,3578,35.78.24,Tenggilis Mejoyo
357825,3578,35.78.25,Gunung Anyar
357826,3578,35.78.26,Mulyorejo
357827,3578,35.78.27,Sukomanunggal
357828,3578,35.78.28,Asem Rowo
357829,3578,35.78.29,Bulak
357830,3578,35.78.30,Pakal
357831,3578,35.78.31,Sambikerep
357901,3579,35.79.01,Batu
357902,3579,35.79.02,Bumiaji
357903,3579,35.79.03,Junrejo
360101,3601,36.01.01,Sumur
360102,3601,36.01.02,Cimanggu
360103,3601,36.01.03,Cibaliung
360104,3601,36.01.04,Cikeusik
360105,3601,36.01.05,Cigeulis
360106,3601,36.01.06,Panimbang
360107,3601,36.01.07,Angsana
360108,3601,36.01.08,Munjul
360109,3601,36.01.09,Pagelaran
360110,3601,36.01.10,Bojong
360111,3601,36.01.11,Picung
360112,3601,36.01.12,Labuan
360113,3601,36.01.13,Menes
360114,3601,36.01.14,Saketi
360115,3601,36.01.15,Cipeucang
360116,3601,36.01.16,Jiput
360117,3601,36.01.17,Mandalawangi
360118,3601,36.01.18,Cimanuk
360119,3601,36.01.19,Kaduhejo
360120,3601,36.01.20,Banjar
360121,3601,36.01.21,Pandeglang
360122,3601,36.01.22,Cadasari
360123,3601,36.01.23,Cisata
360124,3601,36.01.24,Patia
360125,3601,36.01.25,Karang Tanjung
360126,3601,36.01.26,Cikedal
360127,3601,36.01.27,Cibitung
360128,3601,36.01.28,Carita
360129,3601,36.01.29,Sukaresmi
360130,3601,36.01.30,Mekarjaya
360131,3601,36.01.31,Sindangresmi
360132,3601,36.01.32,Pulosari
360133,3601,36.01.33,Koroncong
360134,3601,36.01.34,Majasari
360135,3601,36.01.35,Sobang
360201,3602,36.02.01,Malingping
360202,3602,36.02.02,Panggarangan
360203,3602,36.02.03,Bayah
360204,3602,36.02.04,Cipanas
360205,3602,36.02.05,Muncang
360206,3602,36.02.06,Leuwidamar
360207,3602,36.02.07,Bojongmanik
360208,3602,36.02.08,Gunungkencana
360209,3602,36.02.09,Banjarsari
360210,3602,36.02.10,Cileles
360211,3602,36.02.11,Cimarga
360212,3602,36.02.12,Sajira
360213,3602,36.02.13,Maja
360214,3602,36.02.14,Rangkasbitung
360215,3602,36.02.15,Warunggunung
360216,3602,36.02.16,Cijaku
360217,3602,36.02.17,Cikulur
360218,3602,36.02.18,Cibadak
360219,3602,36.02.19,Cibeber
360220,3602,36.02.20,Cilograng
360221,3602,36.02.21,Wanasalam
360222,3602,36.02.22,Sobang
360223,3602,36.02.23,Curugbitung
360224,3602,36.02.24,Kalanganyar
360225,3602,36.02.25,Lebakgedong
360226,3602,36.02.26,Cihara
360227,3602,36.02.27,Cirinten
360228,3602,36.02.28,Cigemblong
360301,3603,36.03.01,Balaraja
360302,3603,36.03.02,Jayanti
360303,3603,36.03.03,Tigaraksa
360304,3603,36.03.04,Jambe
360305,3603,36.03.05,Cisoka
360306,3603,36.03.06,Kresek
360307,3603,36.03.07,Kronjo
360308,3603,36.03.08,Mauk
360309,3603,36.03.09,Kemiri
360310,3603,36.03.10,Sukadiri
360311,3603,36.03.11,Rajeg
360312,3603,36.03.12,Pasar Kemis
360313,3603,36.03.13,Teluknaga
360314,3603,36.03.14,Kosambi
360315,3603,36.03.15,Pakuhaji
360316,3603,36.03.16,Sepatan
360317,3603,36.03.17,Curug
360318,3603,36.03.18,Cikupa
360319,3603,36.03.19,Panongan
360320,3603,36.03.20,Legok
360322,3603,36.03.22,Pagedangan
360323,3603,36.03.23,Cisauk
360327,3603,36.03.27,Sukamulya
360328,3603,36.03.28,Kelapa Dua
360329,3603,36.03.29,Sindang Jaya
360330,3603,36.03.30,Sepatan Timur
360331,3603,36.03.31,Solear
360332,3603,36.03.32,Gunung Kaler
360333,3603,36.03.33,Mekar Baru
360405,3604,36.04.05,Kramatwatu
360406,3604,36.04.06,Waringinkurung
360407,3604,36.04.07,Bojonegara
360408,3604,36.04.08,Pulo Ampel
360409,3604,36.04.09,Ciruas
360411,3604,36.04.11,Kragilan
360412,3604,36.04.12,Pontang
360413,3604,36.04.13,Tirtayasa
360414,3604,36.04.14,Tanara
360415,3604,36.04.15,Cikande
360416,3604,36.04.16,Kibin
360417,3604,36.04.17,Carenang
360418,3604,36.04.18,Binuang
360419,3604,36.04.19,Petir
360420,3604,36.04.20,Tunjung Teja
360422,3604,36.04.22,Baros
360423,3604,36.04.23,Cikeusal
360424,3604,36.04.24,Pamarayan
360425,3604,36.04.25,Kopo
360426,3604,36.04.26,Jawilan
360427,3604,36.04.27,Ciomas
360428,3604,36.04.28,Pabuaran
360429,3604,36.04.29,Padarincang
360430,3604,36.04.30,Anyar
360431,3604,36.04.31,Cinangka
360432,3604,36.04.32,Mancak
360433,3604,36.04.33,Gunungsari
360434,3604,36.04.34,Bandung
360435,3604,36.04.35,Lebak Wangi
367101,3671,36.71.01,Tangerang
367102,3671,36.71.02,Jatiuwung
367103,3671,36.71.03,Batuceper
367104,3671,36.71.04,Benda
367105,3671,36.71.05,Cipondoh
367106,3671,36.71.06,Ciledug
367107,3671,36.71.07,Karawaci
367108,3671,36.71.08,Periuk
367109,3671,36.71.09,Cibodas
367110,3671,36.71.10,Neglasari
367111,3671,36.71.11,Pinang
367112,3671,36.71.12,Karang Tengah
367113,3671,36.71.13,Larangan
367201,3672,36.72.01,Cibeber
367202,3672,36.72.02,Cilegon
367203,3672,36.72.03,Pulomerak
367204,3672,36.72.04,Ciwandan
367205,3672,36.72.05,Jombang
367206,3672,36.72.06,Gerogol
367207,3672,36.72.07,Purwakarta
367208,3672,36.72.08,Citangkil
367301,3673,36.73.01,Serang
367302,3673,36.73.02,Kasemen
367303,3673,36.73.03,Walantaka
367304,3673,36.73.04,Curug
367305,3673,36.73.05,Cipocok Jaya
367306,3673,36.73.06,Taktakan
367401,3674,36.74.01,Serpong
367402,3674,36.74.02,Serpong Utara
367403,3674,36.74.03,Pondok Aren
367404,3674,36.74.04,Ciputat
367405,3674,36.74.05,Ciputat Timur
367406,3674,36.74.06,Pamulang
367407,3674,36.74.07,Setu
510101,5101,51.01.01,Negara
510102,5101,51.01.02,Mendoyo
510103,5101,51.01.03,Pekutatan
510104,5101,51.01.04,Melaya
510105,5101,51.01.05,Jembrana
510201,5102,51.02.01,Selemadeg
510202,5102,51.02.02,Selemadeg Timur
510203,5102,51.02.03,Selemadeg Barat
510204,5102,51.02.04,Kerambitan
510205,5102,51.02.05,Tabanan
510206,5102,51.02.06,Kediri
510207,5102,51.02.07,Marga
510208,5102,51.02.08,Penebel
510209,5102,51.02.09,Baturiti
510210,5102,51.02.10,Pupuan
510301,5103,51.03.01,Kuta
510302,5103,51.03.02,Mengwi
510303,5103,51.03.03,Abiansemal
510304,5103,51.03.04,Petang
510305,5103,51.03.05,Kuta Selatan
510306,5103,51.03.06,Kuta Utara
510401,5104,51.04.01,Sukawati
510402,5104,51.04.02,Blahbatuh
510403,5104,51.04.03,Gianyar
510404,5104,51.04.04,Tampaksiring
510405,5104,51.04.05,Ubud
510406,5104,51.04.06,Tegallalang
510407,5104,51.04.07,Payangan
510501,5105,51.05.01,Nusa Penida
510502,5105,51.05.02,Banjarangkan
510503,5105,51.05.03,Klungkung
510504,5105,51.05.04,Dawan
510601,5106,51.06.01,Susut
510602,5106,51.06.02,Bangli
510603,5106,51.06.03,Tembuku
510604,5106,51.06.04,Kintamani
510701,5107,51.07.01,Rendang
510702,5107,51.07.02,Sidemen
510703,5107,51.07.03,Manggis
510704,5107,51.07.04,Karangasem
510705,5107,51.07.05,Abang
510706,5107,51.07.06,Bebandem
510707,5107,51.07.07,Selat
510708,5107,51.07.08,Kubu
510801,5108,51.08.01,Gerokgak
510802,5108,51.08.02,Seririt
510803,5108,51.08.03,Busungbiu
510804,5108,51.08.04,Banjar
510805,5108,51.08.05,Sukasada
510806,5108,51.08.06,Buleleng
510807,5108,51.08.07,Sawan
510808,5108,51.08.08,Kubutambahan
510809,5108,51.08.09,Tejakula
517101,5171,51.71.01,Denpasar Selatan
517102,5171,51.71.02,Denpasar Timur
517103,5171,51.71.03,Denpasar Barat
517104,5171,51.71.04,Denpasar Utara
520101,5201,52.01.01,Gerung
520102,5201,52.01.02,Kediri
520103,5201,52.01.03,Narmada
520107,5201,52.01.07,Sekotong
520108,5201,52.01.08,Labuapi
520109,5201,52.01.09,Gunungsari
520112,5201,52.01.12,Lingsar
520113,5201,52.01.13,Lembar
520114,5201,52.01.14,Batu Layar
520115,5201,52.01.15,Kuripan
520201,5202,52.02.01,Praya
520202,5202,52.02.02,Jonggat
520203,5202,52.02.03,Batukliang
520204,5202,52.02.04,Pujut
520205,5202,52.02.05,Praya Barat
520206,5202,52.02.06,Praya Timur
520207,5202,52.02.07,Janapria
520208,5202,52.02.08,Pringgarata
520209,5202,52.02.09,Kopang
520210,5202,52.02.10,Praya Tengah
520211,5202,52.02.11,Praya Barat Daya
520212,5202,52.02.12,Batukliang Utara
520301,5203,52.03.01,Keruak
520302,5203,52.03.02,Sakra
520303,5203,52.03.03,Terara
520304,5203,52.03.04,Sikur
520305,5203,52.03.05,Masbagik
520306,5203,52.03.06,Sukamulia
520307,5203,52.03.07,Selong
520308,5203,52.03.08,Pringgabaya
520309,5203,52.03.09,Aikmel
520310,5203,52.03.10,Sambelia
520311,5203,52.03.11,Montong Gading
520312,5203,52.03.12,Pringgasela
520313,5203,52.03.13,Suralaga
520314,5203,52.03.14,Wanasaba
520315,5203,52.03.15,Sembalun
520316,5203,52.03.16,Suwela
520317,5203,52.03.17,Labuhan Haji
520318,5203,52.03.18,Sakra Timur
520319,5203,52.03.19,Sakra Barat
520320,5203,52.03.20,Jerowaru
520321,5203,52.03.21,Lenek
520402,5204,52.04.02,Lunyuk
520405,5204,52.04.05,Alas
520406,5204,52.04.06,Utan
520407,5204,52.04.07,Batu Lanteh
520408,5204,52.04.08,Sumbawa
520409,5204,52.04.09,Moyo Hilir
520410,5204,52.04.10,Moyo Hulu
520411,5204,52.04.11,Ropang
520412,5204,52.04.12,Lape
520413,5204,52.04.13,Plampang
520414,5204,52.04.14,Empang
520417,5204,52.04.17,Alas Barat
520418,5204,52.04.18,Labuhan Badas
520419,5204,52.04.19,Labangka
520420,5204,52.04.20,Buer
520421,5204,52.04.21,Rhee
520422,5204,52.04.22,Unter Iwes
520423,5204,52.04.23,Moyo Utara
520424,5204,52.04.24,Maronge
520425,5204,52.04.25,Tarano
520426,5204,52.04.26,Lopok
520427,5204,52.04.27,Lenangguar
520428,5204,52.04.28,Orong Telu
520429,5204,52.04.29,Lantung
520501,5205,52.05.01,Dompu
520502,5205,52.05.02,Kempo
520503,5205,52.05.03,Hu'u
520504,5205,52.05.04,Kilo
520505,5205,52.05.05,Woja
520506,5205,52.05.06,Pekat
520507,5205,52.05.07,Manggalewa
520508,5205,52.05.08,Pajo
520601,5206,52.06.01,Monta
520602,5206,52.06.02,Bolo
520603,5206,52.06.03,Woha
520604,5206,52.06.04,Belo
520605,5206,52.06.05,Wawo
520606,5206,52.06.06,Sape
520607,5206,52.06.07,Wera
520608,5206,52.06.08,Donggo
520609,5206,52.06.09,Sanggar
520610,5206,52.06.10,Ambalawi
520611,5206,52.06.11,Langgudu
520612,5206,52.06.12,Lambu
520613,5206,52.06.13,Madapangga
520614,5206,52.06.14,Tambora
520615,5206,52.06.15,Soromandi
520616,5206,52.06.16,Parado
520617,5206,52.06.17,Lambitu
520618,5206,52.06.18,Palibelo
520701,5207,52.07.01,Jereweh
520702,5207,52.07.02,Taliwang
520703,5207,52.07.03,Seteluk
520704,5207,52.07.04,Sekongkang
520705,5207,52.07.05,Brang Rea
520706,5207,52.07.06,Poto Tano
520707,5207,52.07.07,Brang Ene
520708,5207,52.07.08,Maluk
520801,5208,52.08.01,Tanjung
520802,5208,52.08.02,Gangga
520803,5208,52.08.03,Kayangan
520804,5208,52.08.04,Bayan
520805,5208,52.08.05,Pemenang
527101,5271,52.71.01,Ampenan
527102,5271,52.71.02,Mataram
527103,5271,52.71.03,Cakranegara
527104,5271,52.71.04,Sekarbela
527105,5271,52.71.05,Selaparang
527106,5271,52.71.06,Sandubaya
527201,5272,52.72.01,Rasanae Barat
527202,5272,52.72.02,Rasanae Timur
527203,5272,52.72.03,Asakota
527204,5272,52.72.04,Raba
527205,5272,52.72.05,Mpunda
530104,5301,53.01.04,Semau
530105,5301,53.01.05,Kupang Barat
530106,5301,53.01.06,Kupang Timur
530107,5301,53.01.07,Sulamu
530108,5301,53.01.08,Kupang Tengah
530109,5301,53.01.09,Amarasi
530110,5301,53.01.10,Fatuleu
530111,5301,53.01.11,Takari
530112,5301,53.01.12,Amfoang Selatan
530113,5301,53.01.13,Amfoang Utara
530116,5301,53.01.16,Nekamese
530117,5301,53.01.17,Amarasi Barat
530118,5301,53.01.18,Amarasi Selatan
530119,5301,53.01.19,Amarasi Timur
530120,5301,53.01.20,Amabi Oefeto Timur
530121,5301,53.01.21,Amfoang Barat Daya
530122,5301,53.01.22,Amfoang Barat Laut
530123,5301,53.01.23,Semau Selatan
530124,5301,53.01.24,Taebenu
530125,5301,53.01.25,Amabi Oefeto
530126,5301,53.01.26,Amfoang Timur
530127,5301,53.01.27,Fatuleu Barat
530128,5301,53.01.28,Fatuleu Tengah
530130,5301,53.01.30,Amfoang Tengah
530201,5302,53.02.01,Kota Soe
530202,5302,53.02.02,Mollo Selatan
530203,5302,53.02.03,Mollo Utara
530204,5302,53.02.04,Amanuban Timur
530205,5302,53.02.05,Amanuban Tengah
530206,5302,53.02.06,Amanuban Selatan
530207,5302,53.02.07,Amanuban Barat
530208,5302,53.02.08,Amanatun Selatan
530209,5302,53.02.09,Amanatun Utara
530210,5302,53.02.10,KI'E
530211,5302,53.02.11,Kuanfatu
530212,5302,53.02.12,Fatumnasi
530213,5302,53.02.13,Polen
530214,5302,53.02.14,Batu Putih
530215,5302,53.02.15,Boking
530216,5302,53.02.16,Toianas
530217,5302,53.02.17,Nunkolo
530218,5302,53.02.18,Oenino
530219,5302,53.02.19,Kolbano
530220,5302,53.02.20,Kot olin
530221,5302,53.02.21,Kualin
530222,5302,53.02.22,Mollo Barat
530223,5302,53.02.23,Kok Baun
530224,5302,53.02.24,Noebana
530225,5302,53.02.25,Santian
530226,5302,53.02.26,Noebeba
530227,5302,53.02.27,Kuatnana
530228,5302,53.02.28,Fautmolo
530229,5302,53.02.29,Fatukopa
530230,5302,53.02.30,Mollo Tengah
530231,5302,53.02.31,Tobu
530232,5302,53.02.32,Nunbena
530301,5303,53.03.01,Miomaffo Timur
530302,5303,53.03.02,Miomaffo Barat
530303,5303,53.03.03,Biboki Selatan
530304,5303,53.03.04,Noemuti
530305,5303,53.03.05,Kota Kefamenanu
530306,5303,53.03.06,Biboki Utara
530307,5303,53.03.07,Biboki Anleu
530308,5303,53.03.08,Insana
530309,5303,53.03.09,Insana Utara
530310,5303,53.03.10,Noemuti Timur
530311,5303,53.03.11,Miomaffo Tengah
530312,5303,53.03.12,Musi
530313,5303,53.03.13,Mutis
530314,5303,53.03.14,Bikomi Selatan
530315,5303,53.03.15,Bikomi Tengah
530316,5303,53.03.16,Bikomi Nilulat
530317,5303,53.03.17,Bikomi Utara
530318,5303,53.03.18,Naibenu
530319,5303,53.03.19,Insana Fafinesu
530320,5303,53.03.20,Insana Barat
530321,5303,53.03.21,Insana Tengah
530322,5303,53.03.22,Biboki Tan Pah
530323,5303,53.03.23,Biboki Moenleu
530324,5303,53.03.24,Biboki Feotleu
530401,5304,53.04.01,Lamaknen
530402,5304,53.04.02,Tasifeto Timur
530403,5304,53.04.03,Raihat
530404,5304,53.04.04,Tasifeto Barat
530405,5304,53.04.05,Kakuluk Mesak
530412,5304,53.04.12,Kota Atambua
530413,5304,53.04.13,Raimanuk
530417,5304,53.04.17,Lasiolat
530418,5304,53.04.18,Lamaknen Selatan
530421,5304,53.04.21,Atambua Barat
530422,5304,53.04.22,Atambua Selatan
530423,5304,53.04.23,Nanaet Duabesi
530501,5305,53.05.01,Teluk Mutiara
530502,5305,53.05.02,Alor Barat Laut
530503,5305,53.05.03,Alor Barat Daya
530504,5305,53.05.04,Alor Selatan
530505,5305,53.05.05,Alor Timur
530506,5305,53.05.06,Pantar
530507,5305,53.05.07,Alor Tengah Utara
530508,5305,53.05.08,Alor Timur Laut
530509,5305,53.05.09,Pantar Barat
530510,5305,53.05.10,Kabola
530511,5305,53.05.11,Pulau Pura
530512,5305,53.05.12,Mataru
530513,5305,53.05.13,Pureman
530514,5305,53.05.14,Pantar Timur
530515,5305,53.05.15,Lembur
530516,5305,53.05.16,Pantar Tengah
530517,5305,53.05.17,Pantar Barat Laut
530518,5305,53.05.18,Abad Selatan
530601,5306,53.06.01,Wulanggitang
530602,5306,53.06.02,Titehena
530603,5306,53.06.03,Larantuka
530604,5306,53.06.04,Ile Mandiri
530605,5306,53.06.05,Tanjung Bunga
530606,5306,53.06.06,Solor Barat
530607,5306,53.06.07,Solor Timur
530608,5306,53.06.08,Adonara Barat
530609,5306,53.06.09,Wotan Ulumando
530610,5306,53.06.10,Adonara Timur
530611,5306,53.06.11,Kelubagolit
530612,5306,53.06.12,Witihama
530613,5306,53.06.13,Ile Boleng
530614,5306,53.06.14,Demon Pagong
530615,5306,53.06.15,Lewolema
530616,5306,53.06.16,Ile Bura
530617,5306,53.06.17,Adonara
530618,5306,53.06.18,Adonara Tengah
530619,5306,53.06.19,Solor Selatan
530701,5307,53.07.01,Paga
530702,5307,53.07.02,Mego
530703,5307,53.07.03,Lela
530704,5307,53.07.04,Nita
530705,5307,53.07.05,Alok
530706,5307,53.07.06,Palue
530707,5307,53.07.07,Nelle
530708,5307,53.07.08,Talibura
530709,5307,53.07.09,Waigete
530710,5307,53.07.10,Kewapante
530711,5307,53.07.11,Bola
530712,5307,53.07.12,Magepanda
530713,5307,53.07.13,Waiblama
530714,5307,53.07.14,Alok Barat
530715,5307,53.07.15,Alok Timur
530716,5307,53.07.16,Koting
530717,5307,53.07.17,Tana Wawo
530718,5307,53.07.18,Hewokloang
530719,5307,53.07.19,Kangae
530720,5307,53.07.20,Doreng
530721,5307,53.07.21,Mapitara
530801,5308,53.08.01,Nangapanda
530802,5308,53.08.02,Pulau Ende
530803,5308,53.08.03,Ende
530804,5308,53.08.04,Ende Selatan
530805,5308,53.08.05,Ndona
530806,5308,53.08.06,Detusoko
530807,5308,53.08.07,Wewaria
530808,5308,53.08.08,Wolowaru
530809,5308,53.08.09,Wolojita
530810,5308,53.08.10,Maurole
530811,5308,53.08.11,Maukaro
530812,5308,53.08.12,Lio Timur
530813,5308,53.08.13,Kota Baru
530814,5308,53.08.14,Kelimutu
530815,5308,53.08.15,Detukeli
530816,5308,53.08.16,Ndona Timur
530817,5308,53.08.17,Ndori
530818,5308,53.08.18,Ende Utara
530819,5308,53.08.19,Ende Tengah
530820,5308,53.08.20,Ende Timur
530821,5308,53.08.21,Lepembusu Kelisoke
530901,5309,53.09.01,Aimere
530902,5309,53.09.02,Golewa
530906,5309,53.09.06,Bajawa
530907,5309,53.09.07,Soa
530909,5309,53.09.09,Riung
530912,5309,53.09.12,Jerebuu
530914,5309,53.09.14,Riung Barat
530915,5309,53.09.15,Bajawa Utara
530916,5309,53.09.16,Wolomeze
530918,5309,53.09.18,Golewa Selatan
530919,5309,53.09.19,Golewa Barat
530920,5309,53.09.20,Inerie
531001,5310,53.10.01,Wae Rii
531003,5310,53.10.03,Ruteng
531005,5310,53.10.05,Satar Mese
531006,5310,53.10.06,Cibal
531011,5310,53.10.11,Reok
531012,5310,53.10.12,Langke Rembong
531013,5310,53.10.13,Satar Mese Barat
531014,5310,53.10.14,Rahong Utara
531015,5310,53.10.15,Lelak
531016,5310,53.10.16,Reok Barat
531017,5310,53.10.17,Cibal barat
531018,5310,53.10.18,Satar Mese Utara
531101,5311,53.11.01,Kota Waingapu
531102,5311,53.11.02,Haharu
531103,5311,53.11.03,Lewa
531104,5311,53.11.04,Nggaha Ori Angu
531105,5311,53.11.05,Tabundung
531106,5311,53.11.06,Pinu Pahar
531107,5311,53.11.07,Pandawai
531108,5311,53.11.08,Umalulu
531109,5311,53.11.09,Rindi
531110,5311,53.11.10,Pahunga Lodu
531111,5311,53.11.11,Wulla Waijelu
531112,5311,53.11.12,Paberiwai
531113,5311,53.11.13,Karera
531114,5311,53.11.14,Kahaungu Eti
531115,5311,53.11.15,Matawai La Pawu
531116,5311,53.11.16,Kambera
531117,5311,53.11.17,Kambata Mapambuhang
531118,5311,53.11.18,Lewa Tidahu
531119,5311,53.11.19,Katala Hamu Lingu
531120,5311,53.11.20,Kanatang
531121,5311,53.11.21,Ngadu Ngala
531122,5311,53.11.22,Mahu
531204,5312,53.12.04,Tana Righu
531210,5312,53.12.10,Loli
531211,5312,53.12.11,Wanokaka
531212,5312,53.12.12,Lamboya
531215,5312,53.12.15,Kota Waikabubak
531218,5312,53.12.18,Laboya Barat
531301,5313,53.13.01,Naga Wutung
531302,5313,53.13.02,Atadei
531303,5313,53.13.03,Ile Ape
531304,5313,53.13.04,Lebatukan
531305,5313,53.13.05,Nubatukan
531306,5313,53.13.06,Omesuri
531307,5313,53.13.07,Buyasuri
531308,5313,53.13.08,Wulandoni
531309,5313,53.13.09,Ile Ape Timur
531401,5314,53.14.01,Rote Barat Daya
531402,5314,53.14.02,Rote Barat Laut
531403,5314,53.14.03,Lobalain
531404,5314,53.14.04,Rote Tengah
531405,5314,53.14.05,Pantai Baru
531406,5314,53.14.06,Rote Timur
531407,5314,53.14.07,Rote Barat
531408,5314,53.14.08,Rote Selatan
531409,5314,53.14.09,Ndao Nuse
531410,5314,53.14.10,Landu Leko
531411,5314,53.14.11,Loaholu
531501,5315,53.15.01,Macang Pacar
531502,5315,53.15.02,Kuwus
531503,5315,53.15.03,Lembor
531504,5315,53.15.04,Sano Nggoang
531505,5315,53.15.05,Komodo
531506,5315,53.15.06,Boleng
531507,5315,53.15.07,Welak
531508,5315,53.15.08,Ndoso
531509,5315,53.15.09,Lembor Selatan
531510,5315,53.15.10,Mbeliling
531511,5315,53.15.11,Pacar
531512,5315,53.15.12,Kuwus Barat
531601,5316,53.16.01,Aesesa
531602,5316,53.16.02,Nangaroro
531603,5316,53.16.03,Boawae
531604,5316,53.16.04,Mauponggo
531605,5316,53.16.05,Wolowae
531606,5316,53.16.06,Keo Tengah
531607,5316,53.16.07,Aesesa Selatan
531701,5317,53.17.01,Katiku Tana
531702,5317,53.17.02,Umbu Ratu Nggay Barat
531703,5317,53.17.03,Mamboro
531704,5317,53.17.04,Umbu Ratu Nggay
531705,5317,53.17.05,Katiku Tana Selatan
531706,5317,53.17.06,Umbu Ratu Nggay Tengah
531801,5318,53.18.01,Loura
531802,5318,53.18.02,Wewewa Utara
531803,5318,53.18.03,Wewewa Timur
531804,5318,53.18.04,Wewewa Barat
531805,5318,53.18.05,Wewewa Selatan
531806,5318,53.18.06,Kodi Bangedo
531807,5318,53.18.07,Kodi
531808,5318,53.18.08,Kodi Utara
531809,5318,53.18.09,Kota Tambolaka
531810,5318,53.18.10,Wewewa Tengah
531811,5318,53.18.11,Kodi Balaghar
531901,5319,53.19.01,Borong
531902,5319,53.19.02,Lamba Leda Selatan
531903,5319,53.19.03,Lamba Leda
531904,5319,53.19.04,Sambi Rampas
531905,5319,53.19.05,Elar
531906,5319,53.19.06,Kota Komba
531907,5319,53.19.07,Rana Mese
531908,5319,53.19.08,Lamba Leda Timur
531909,5319,53.19.09,Elar Selatan
531910,5319,53.19.10,Kota Komba Utara
531911,5319,53.19.11,Lamba Leda Utara
531912,5319,53.19.12,Congkar
532001,5320,53.20.01,Sabu Barat
532002,5320,53.20.02,Sabu Tengah
532003,5320,53.20.03,Sabu Timur
532004,5320,53.20.04,Sabu Liae
532005,5320,53.20.05,Hawu Mehara
532006,5320,53.20.06,Raijua
532101,5321,53.21.01,Malaka Tengah
532102,5321,53.21.02,Malaka Barat
532103,5321,53.21.03,Wewiku
532104,5321,53.21.04,Weliman
532105,5321,53.21.05,Rinhat
532106,5321,53.21.06,Io Kufeu
532107,5321,53.21.07,Sasitamean
532108,5321,53.21.08,Laenmanen
532109,5321,53.21.09,Malaka Timur
532110,5321,53.21.10,Kobalima Timur
532111,5321,53.21.11,Kobalima
532112,5321,53.21.12,Botin Leobele
537101,5371,53.71.01,Alak
537102,5371,53.71.02,Maulafa
537103,5371,53.71.03,Kelapa Lima
537104,5371,53.71.04,Oebobo
537105,5371,53.71.05,Kota Raja
537106,5371,53.71.06,Kota Lama
610101,6101,61.01.01,Sambas
610102,6101,61.01.02,Teluk Keramat
610103,6101,61.01.03,Jawai
610104,6101,61.01.04,Tebas
610105,6101,61.01.05,Pemangkat
610106,6101,61.01.06,Sejangkung
610107,6101,61.01.07,Selakau
610108,6101,61.01.08,Paloh
610109,6101,61.01.09,Sajingan Besar
610110,6101,61.01.10,Subah
610111,6101,61.01.11,Galing
610112,6101,61.01.12,Tekarang
610113,6101,61.01.13,Semparuk
610114,6101,61.01.14,Sajad
610115,6101,61.01.15,Sebawi
610116,6101,61.01.16,Jawai Selatan
610117,6101,61.01.17,Tangaran
610118,6101,61.01.18,Salatiga
610119,6101,61.01.19,Selakau Timur
610201,6102,61.02.01,Mempawah Hilir
610206,6102,61.02.06,Toho
610207,6102,61.02.07,Sungai Pinyuh
610208,6102,61.02.08,Jongkat
610212,6102,61.02.12,Sungai Kunyit
610215,6102,61.02.15,Segedong
610216,6102,61.02.16,Anjongan
610217,6102,61.02.17,Sadaniang
610218,6102,61.02.18,Mempawah Timur
610301,6103,61.03.01,Kapuas
610302,6103,61.03.02,Mukok
610303,6103,61.03.03,Noyan
610304,6103,61.03.04,Jangkang
610305,6103,61.03.05,Bonti
610306,6103,61.03.06,Beduai
610307,6103,61.03.07,Sekayam
610308,6103,61.03.08,Kembayan
610309,6103,61.03.09,Parindu
610310,6103,61.03.10,Tayan Hulu
610311,6103,61.03.11,Tayan Hilir
610312,6103,61.03.12,Balai
610313,6103,61.03.13,Toba
610320,6103,61.03.20,Meliau
610321,6103,61.03.21,Entikong
610401,6104,61.04.01,Matan Hilir Utara
610402,6104,61.04.02,Marau
610403,6104,61.04.03,Manis Mata
610404,6104,61.04.04,Kendawangan
610405,6104,61.04.05,Sandai
610407,6104,61.04.07,Sungai Laur
610408,6104,61.04.08,Simpang Hulu
610411,6104,61.04.11,Nanga Tayap
610412,6104,61.04.12,Matan Hilir Selatan
610413,6104,61.04.13,Tumbang Titi
610414,6104,61.04.14,Jelai Hulu
610416,6104,61.04.16,Delta Pawan
610417,6104,61.04.17,Muara Pawan
610418,6104,61.04.18,Benua Kayong
610419,6104,61.04.19,Hulu Sungai
610420,6104,61.04.20,Simpang Dua
610421,6104,61.04.21,Air Upas
610422,6104,61.04.22,Singkup
610424,6104,61.04.24,Pemahan
610425,6104,61.04.25,Sungai Melayu Rayak
610501,6105,61.05.01,Sintang
610502,6105,61.05.02,Tempunak
610503,6105,61.05.03,Sepauk
610504,6105,61.05.04,Ketungau Hilir
610505,6105,61.05.05,Ketungau Tengah
610506,6105,61.05.06,Ketungau Hulu
610507,6105,61.05.07,Dedai
610508,6105,61.05.08,Kayan Hilir
610509,6105,61.05.09,Kayan Hulu
610514,6105,61.05.14,Serawai
610515,6105,61.05.15,Ambalau
610519,6105,61.05.19,Kelam Permai
610520,6105,61.05.20,Sungai Tebelian
610521,6105,61.05.21,Binjai Hulu
610601,6106,61.06.01,Putussibau Utara
610602,6106,61.06.02,Bika
610603,6106,61.06.03,Embaloh Hilir
610604,6106,61.06.04,Embaloh Hulu
610605,6106,61.06.05,Bunut Hilir
610606,6106,61.06.06,Bunut Hulu
610607,6106,61.06.07,Jongkong
610608,6106,61.06.08,Hulu Gurung
610609,6106,61.06.09,Selimbau
610610,6106,61.06.10,Semitau
610611,6106,61.06.11,Seberuang
610612,6106,61.06.12,Batang Lupar
610613,6106,61.06.13,Empanang
610614,6106,61.06.14,Badau
610615,6106,61.06.15,Silat Hilir
610616,6106,61.06.16,Silat Hulu
610617,6106,61.06.17,Putussibau Selatan
610618,6106,61.06.18,Kalis
610619,6106,61.06.19,Boyan Tanjung
610620,6106,61.06.20,Mentebah
610621,6106,61.06.21,Pengkadan
610622,6106,61.06.22,Suhaid
610623,6106,61.06.23,Puring Kencana
610701,6107,61.07.01,Sungai Raya
610702,6107,61.07.02,Samalantan
610703,6107,61.07.03,Ledo
610704,6107,61.07.04,Bengkayang
610705,6107,61.07.05,Seluas
610706,6107,61.07.06,Sanggau Ledo
610707,6107,61.07.07,Jagoi Babang
610708,6107,61.07.08,Monterado
610709,6107,61.07.09,Teriak
610710,6107,61.07.10,Suti Semarang
610711,6107,61.07.11,Capkala
610712,6107,61.07.12,Siding
610713,6107,61.07.13,Lumar
610714,6107,61.07.14,Sungai Betung
610715,6107,61.07.15,Sungai Raya Kepulauan
610716,6107,61.07.16,Lembah Bawang
610717,6107,61.07.17,Tujuh Belas
610801,6108,61.08.01,Ngabang
610802,6108,61.08.02,Mempawah Hulu
610803,6108,61.08.03,Menjalin
610804,6108,61.08.04,Mandor
610805,6108,61.08.05,Air Besar
610806,6108,61.08.06,Menyuke
610807,6108,61.08.07,Sengah Temila
610808,6108,61.08.08,Meranti
610809,6108,61.08.09,Kuala Behe
610810,6108,61.08.10,Sebangki
610811,6108,61.08.11,Jelimpo
610812,6108,61.08.12,Banyuke Hulu
610813,6108,61.08.13,Sompak
610901,6109,61.09.01,Sekadau Hilir
610902,6109,61.09.02,Sekadau Hulu
610903,6109,61.09.03,Nanga Taman
610904,6109,61.09.04,Nanga Mahap
610905,6109,61.09.05,Belitang Hilir
610906,6109,61.09.06,Belitang Hulu
610907,6109,61.09.07,Belitang
611001,6110,61.10.01,Belimbing
611002,6110,61.10.02,Nanga Pinoh
611003,6110,61.10.03,Ella Hilir
611004,6110,61.10.04,Menukung
611005,6110,61.10.05,Sayan
611006,6110,61.10.06,Tanah Pinoh
611007,6110,61.10.07,Sokan
611008,6110,61.10.08,Pinoh Utara
611009,6110,61.10.09,Pinoh Selatan
611010,6110,61.10.10,Belimbing Hulu
611011,6110,61.10.11,Tanah Pinoh Barat
611101,6111,61.11.01,Sukadana
611102,6111,61.11.02,Simpang Hilir
611103,6111,61.11.03,Teluk Batang
611104,6111,61.11.04,Pulau Maya
611105,6111,61.11.05,Seponti
611106,6111,61.11.06,Kepulauan Karimata
611201,6112,61.12.01,Sungai Raya
611202,6112,61.12.02,Kuala Mandor B
611203,6112,61.12.03,Sungai Ambawang
611204,6112,61.12.04,Terentang
611205,6112,61.12.05,Batu Ampar
611206,6112,61.12.06,Kubu
611207,6112,61.12.07,Rasau Jaya
611208,6112,61.12.08,Teluk Pakedai
611209,6112,61.12.09,Sungai Kakap
617101,6171,61.71.01,Pontianak Selatan
617102,6171,61.71.02,Pontianak Timur
617103,6171,61.71.03,Pontianak Barat
617104,6171,61.71.04,Pontianak Utara
617105,6171,61.71.05,Pontianak Kota
617106,6171,61.71.06,Pontianak Tenggara
617201,6172,61.72.01,Singkawang Tengah
617202,6172,61.72.02,Singkawang Barat
617203,6172,61.72.03,Singkawang Timur
617204,6172,61.72.04,Singkawang Utara
617205,6172,61.72.05,Singkawang Selatan
620101,6201,62.01.01,Kumai
620102,6201,62.01.02,Arut Selatan
620103,6201,62.01.03,Kotawaringin Lama
620104,6201,62.01.04,Arut Utara
620105,6201,62.01.05,Pangkalan Lada
620106,6201,62.01.06,Pangkalan Banteng
620201,6202,62.02.01,Kota Besi
620202,6202,62.02.02,Cempaga
620203,6202,62.02.03,Mentaya Hulu
620204,6202,62.02.04,Parenggean
620205,6202,62.02.05,Baamang
620206,6202,62.02.06,Mentawa Baru Ketapang
620207,6202,62.02.07,Mentaya Hilir Utara
620208,6202,62.02.08,Mentaya Hilir Selatan
620209,6202,62.02.09,Pulau Hanaut
620210,6202,62.02.10,Antang Kalang
620211,6202,62.02.11,Teluk Sampit
620212,6202,62.02.12,Seranau
620213,6202,62.02.13,Cempaga Hulu
620214,6202,62.02.14,Telawang
620215,6202,62.02.15,Bukit Santuai
620216,6202,62.02.16,Tualan Hulu
620217,6202,62.02.17,Telaga Antang
620301,6203,62.03.01,Selat
620302,6203,62.03.02,Kapuas Hilir
620303,6203,62.03.03,Kapuas Timur
620304,6203,62.03.04,Kapuas Kuala
620305,6203,62.03.05,Kapuas Barat
620306,6203,62.03.06,Pulau Petak
620307,6203,62.03.07,Kapuas Murung
620308,6203,62.03.08,Basarang
620309,6203,62.03.09,Mantangai
620310,6203,62.03.10,Timpah
620311,6203,62.03.11,Kapuas Tengah
620312,6203,62.03.12,Kapuas Hulu
620313,6203,62.03.13,Tamban Catur
620314,6203,62.03.14,Pasak Talawang
620315,6203,62.03.15,Mandau Talawang
620316,6203,62.03.16,Dadahup
620317,6203,62.03.17,Bataguh
620401,6204,62.04.01,Jenamas
620402,6204,62.04.02,Dusun Hilir
620403,6204,62.04.03,Karau Kuala
620404,6204,62.04.04,Dusun Utara
620405,6204,62.04.05,Gn. Bintang Awai
620406,6204,62.04.06,Dusun Selatan
620501,6205,62.05.01,Montallat
620502,6205,62.05.02,Gunung Timang
620503,6205,62.05.03,Gunung Purei
620504,6205,62.05.04,Teweh Timur
620505,6205,62.05.05,Teweh Tengah
620506,6205,62.05.06,Lahei
620507,6205,62.05.07,Teweh Baru
620508,6205,62.05.08,Teweh Selatan
620509,6205,62.05.09,Lahei Barat
620601,6206,62.06.01,Kamipang
620602,6206,62.06.02,Katingan Hilir
620603,6206,62.06.03,Tewang Sangalang Garing
620604,6206,62.06.04,Pulau Malan
620605,6206,62.06.05,Katingan Tengah
620606,6206,62.06.06,Sanaman Mantikei
620607,6206,62.06.07,Marikit
620608,6206,62.06.08,Katingan Hulu
620609,6206,62.06.09,Mendawai
620610,6206,62.06.10,Katingan Kuala
620611,6206,62.06.11,Tasik Payawan
620612,6206,62.06.12,Petak Malai
620613,6206,62.06.13,Bukit Raya
620701,6207,62.07.01,Seruyan Hilir
620702,6207,62.07.02,Seruyan Tengah
620703,6207,62.07.03,Danau Sembuluh
620704,6207,62.07.04,Hanau
620705,6207,62.07.05,Seruyan Hulu
620706,6207,62.07.06,Seruyan Hilir Timur
620707,6207,62.07.07,Seruyan Raya
620708,6207,62.07.08,Danau Seluluk
620709,6207,62.07.09,Batu Ampar
620710,6207,62.07.10,Suling Tambun
620801,6208,62.08.01,Sukamara
620802,6208,62.08.02,Jelai
620803,6208,62.08.03,Balai Riam
620804,6208,62.08.04,Pantai Lunci
620805,6208,62.08.05,Permata Kecubung
620901,6209,62.09.01,Lamandau
620902,6209,62.09.02,Delang
620903,6209,62.09.03,Bulik
620904,6209,62.09.04,Bulik Timur
620905,6209,62.09.05,Menthobi Raya
620906,6209,62.09.06,Sematu Jaya
620907,6209,62.09.07,Belantikan Raya
620908,6209,62.09.08,Batang Kawa
621001,6210,62.10.01,Sepang
621002,6210,62.10.02,Kurun
621003,6210,62.10.03,Tewah
621004,6210,62.10.04,Kahayan Hulu Utara
621005,6210,62.10.05,Rungan
621006,6210,62.10.06,Manuhing
621007,6210,62.10.07,Mihing Raya
621008,6210,62.10.08,Damang Batu
621009,6210,62.10.09,Miri Manasa
621010,6210,62.10.10,Rungan Hulu
621011,6210,62.10.11,Manuhing Raya
621012,6210,62.10.12,Rungan Barat
621101,6211,62.11.01,Pandih Batu
621102,6211,62.11.02,Kahayan Kuala
621103,6211,62.11.03,Kahayan Tengah
621104,6211,62.11.04,Banama Tingang
621105,6211,62.11.05,Kahayan Hilir
621106,6211,62.11.06,Maliku
621107,6211,62.11.07,Jabiren Raya
621108,6211,62.11.08,Sebangau Kuala
621201,6212,62.12.01,Murung
621202,6212,62.12.02,Tanah Siang
621203,6212,62.12.03,Laung Tuhup
621204,6212,62.12.04,Permata Intan
621205,6212,62.12.05,Sumber Barito
621206,6212,62.12.06,Barito Tuhup Raya
621207,6212,62.12.07,Tanah Siang Selatan
621208,6212,62.12.08,Sungai Babuat
621209,6212,62.12.09,Seribu Riam
621210,6212,62.12.10,Uut Murung
621301,6213,62.13.01,Dusun Timur
621302,6213,62.13.02,Banua Lima
621303,6213,62.13.03,Patangkep Tutui
621304,6213,62.13.04,Awang
621305,6213,62.13.05,Dusun Tengah
621306,6213,62.13.06,Pematang Karau
621307,6213,62.13.07,Paju Epat
621308,6213,62.13.08,Raren Batuah
621309,6213,62.13.09,Paku
621310,6213,62.13.10,Karusen Janang
627101,6271,62.71.01,Pahandut
627102,6271,62.71.02,Bukit Batu
627103,6271,62.71.03,Jekan Raya
627104,6271,62.71.04,Sabangau
627105,6271,62.71.05,Rakumpit
630101,6301,63.01.01,Takisung
630102,6301,63.01.02,Jorong
630103,6301,63.01.03,Pelaihari
630104,6301,63.01.04,Kurau
630105,6301,63.01.05,Bati Bati
630106,6301,63.01.06,Panyipatan
630107,6301,63.01.07,Kintap
630108,6301,63.01.08,Tambang Ulang
630109,6301,63.01.09,Batu Ampar
630110,6301,63.01.10,Bajuin
630111,6301,63.01.11,Bumi Makmur
630201,6302,63.02.01,Pulau Sembilan
630202,6302,63.02.02,Pulau Laut Barat
630203,6302,63.02.03,Pulau Laut Selatan
630204,6302,63.02.04,Pulau Laut Timur
630205,6302,63.02.05,Pulau Sebuku
630206,6302,63.02.06,Pulaulaut Utara
630207,6302,63.02.07,Kelumpang Selatan
630208,6302,63.02.08,Kelumpang Hulu
630209,6302,63.02.09,Kelumpang Tengah
630210,6302,63.02.10,Kelumpang Utara
630211,6302,63.02.11,Pamukan Selatan
630212,6302,63.02.12,Sampanahan
630213,6302,63.02.13,Pamukan Utara
630214,6302,63.02.14,Hampang
630215,6302,63.02.15,Sungai Durian
630216,6302,63.02.16,Pulau Laut Tengah
630217,6302,63.02.17,Kelumpang Hilir
630218,6302,63.02.18,Kelumpang Barat
630219,6302,63.02.19,Pamukan Barat
630220,6302,63.02.20,Pulau Laut Kepulauan
630221,6302,63.02.21,Pulau Laut Tanjung Selayar
630222,6302,63.02.22,Pulaulaut Sigam
630301,6303,63.03.01,Aluh Aluh
630302,6303,63.03.02,Kertak Hanyar
630303,6303,63.03.03,Gambut
630304,6303,63.03.04,Sungai Tabuk
630305,6303,63.03.05,Martapura
630306,6303,63.03.06,Karang Intan
630307,6303,63.03.07,Astambul
630308,6303,63.03.08,Simpang Empat
630309,6303,63.03.09,Pengaron
630310,6303,63.03.10,Sungai Pinang
630311,6303,63.03.11,Aranio
630312,6303,63.03.12,Mataraman
630313,6303,63.03.13,Beruntung Baru
630314,6303,63.03.14,Martapura Barat
630315,6303,63.03.15,Martapura Timur
630316,6303,63.03.16,Sambung Makmur
630317,6303,63.03.17,Paramasan
630318,6303,63.03.18,Telaga Bauntung
630319,6303,63.03.19,Tatah Makmur
630320,6303,63.03.20,Cintapuri Darussalam
630401,6304,63.04.01,Tabunganen
630402,6304,63.04.02,Tamban
630403,6304,63.04.03,Anjir Pasar
630404,6304,63.04.04,Anjir Muara
630405,6304,63.04.05,Alalak
630406,6304,63.04.06,Mandastana
630407,6304,63.04.07,Rantau Badauh
630408,6304,63.04.08,Belawang
630409,6304,63.04.09,Cerbon
630410,6304,63.04.10,Bakumpai
630411,6304,63.04.11,Kuripan
630412,6304,63.04.12,Tabukan
630413,6304,63.04.13,Mekarsari
630414,6304,63.04.14,Barambai
630415,6304,63.04.15,Marabahan
630416,6304,63.04.16,Wanaraya
630417,6304,63.04.17,Jejangkit
630501,6305,63.05.01,Binuang
630502,6305,63.05.02,Tapin Selatan
630503,6305,63.05.03,Tapin Tengah
630504,6305,63.05.04,Tapin Utara
630505,6305,63.05.05,Candi Laras Selatan
630506,6305,63.05.06,Candi Laras Utara
630507,6305,63.05.07,Bakarangan
630508,6305,63.05.08,Piani
630509,6305,63.05.09,Bungur
630510,6305,63.05.10,Lokpaikat
630511,6305,63.05.11,Salam Babaris
630512,6305,63.05.12,Hatungun
630601,6306,63.06.01,Sungai Raya
630602,6306,63.06.02,Padang Batung
630603,6306,63.06.03,Telaga Langsat
630604,6306,63.06.04,Angkinang
630605,6306,63.06.05,Kandangan
630606,6306,63.06.06,Simpur
630607,6306,63.06.07,Daha Selatan
630608,6306,63.06.08,Daha Utara
630609,6306,63.06.09,Kalumpang
630610,6306,63.06.10,Loksado
630611,6306,63.06.11,Daha Barat
630701,6307,63.07.01,Haruyan
630702,6307,63.07.02,Batu Benawa
630703,6307,63.07.03,Labuan Amas Selatan
630704,6307,63.07.04,Labuan Amas Utara
630705,6307,63.07.05,Pandawan
630706,6307,63.07.06,Barabai
630707,6307,63.07.07,Batang Alai Selatan
630708,6307,63.07.08,Batang Alai Utara
630709,6307,63.07.09,Hantakan
630710,6307,63.07.10,Batang Alai Timur
630711,6307,63.07.11,Limpasu
630801,6308,63.08.01,Danau Panggang
630802,6308,63.08.02,Babirik
630803,6308,63.08.03,Sungai Pandan
630804,6308,63.08.04,Amuntai Selatan
630805,6308,63.08.05,Amuntai Tengah
630806,6308,63.08.06,Amuntai Utara
630807,6308,63.08.07,Banjang
630808,6308,63.08.08,Haur Gading
630809,6308,63.08.09,Paminggir
630810,6308,63.08.10,Sungai Tabukan
630901,6309,63.09.01,Banua Lawas
630902,6309,63.09.02,Kelua
630903,6309,63.09.03,Tanta
630904,6309,63.09.04,Tanjung
630905,6309,63.09.05,Haruai
630906,6309,63.09.06,Murung Pudak
630907,6309,63.09.07,Muara Uya
630908,6309,63.09.08,Muara Harus
630909,6309,63.09.09,Pugaan
630910,6309,63.09.10,Upau
630911,6309,63.09.11,Jaro
630912,6309,63.09.12,Bintang Ara
631001,6310,63.10.01,Batu Licin
631002,6310,63.10.02,Kusan Hilir
631003,6310,63.10.03,Sungai Loban
631004,6310,63.10.04,Satui
631005,6310,63.10.05,Kusan Hulu
631006,6310,63.10.06,Simpang Empat
631007,6310,63.10.07,Karang Bintang
631008,6310,63.10.08,Mantewe
631009,6310,63.10.09,Angsana
631010,6310,63.10.10,Kuranji
631011,6310,63.10.11,Kusan Tengah
631012,6310,63.10.12,Teluk Kepayang
631101,6311,63.11.01,Juai
631102,6311,63.11.02,Halong
631103,6311,63.11.03,Awayan
631104,6311,63.11.04,Batu Mandi
631105,6311,63.11.05,Lampihong
631106,6311,63.11.06,Paringin
631107,6311,63.11.07,Paringin Selatan
631108,6311,63.11.08,Tebing Tinggi
637101,6371,63.71.01,Banjarmasin Selatan
637102,6371,63.71.02,Banjarmasin Timur
637103,6371,63.71.03,Banjarmasin Barat
637104,6371,63.71.04,Banjarmasin Utara
637105,6371,63.71.05,Banjarmasin Tengah
637202,6372,63.72.02,Landasan Ulin
637203,6372,63.72.03,Cempaka
637204,6372,63.72.04,Banjarbaru Utara
637205,6372,63.72.05,Banjarbaru Selatan
637206,6372,63.72.06,Liang Anggang
640101,6401,64.01.01,Batu Sopang
640102,6401,64.01.02,Tanjung Harapan
640103,6401,64.01.03,Paser Belengkong
640104,6401,64.01.04,Tanah Grogot
640105,6401,64.01.05,Kuaro
640106,6401,64.01.06,Long Ikis
640107,6401,64.01.07,Muara Komam
640108,6401,64.01.08,Long Kali
640109,6401,64.01.09,Batu Engau
640110,6401,64.01.10,Muara Samu
640201,6402,64.02.01,Muara Muntai
640202,6402,64.02.02,Loa Kulu
640203,6402,64.02.03,Loa Janan
640204,6402,64.02.04,Anggana
640205,6402,64.02.05,Muara Badak
640206,6402,64.02.06,Tenggarong
640207,6402,64.02.07,Sebulu
640208,6402,64.02.08,Kota Bangun
640209,6402,64.02.09,Kenohan
640210,6402,64.02.10,Kembang Janggut
640211,6402,64.02.11,Muara Kaman
640212,6402,64.02.12,Tabang
640213,6402,64.02.13,Samboja
640214,6402,64.02.14,Muara Jawa
640215,6402,64.02.15,Sanga Sanga
640216,6402,64.02.16,Tenggarong Seberang
640217,6402,64.02.17,Marang Kayu
640218,6402,64.02.18,Muara Wis
640219,6402,64.02.19,Kota Bangun Darat
640220,6402,64.02.20,Samboja Barat
640301,6403,64.03.01,Kelay
640302,6403,64.03.02,Talisayan
640303,6403,64.03.03,Sambaliung
640304,6403,64.03.04,Segah
640305,6403,64.03.05,Tanjung Redeb
640306,6403,64.03.06,Gunung Tabur
640307,6403,64.03.07,Pulau Derawan
640308,6403,64.03.08,Biduk-Biduk
640309,6403,64.03.09,Teluk Bayur
640310,6403,64.03.10,Tabalar
640311,6403,64.03.11,Maratua
640312,6403,64.03.12,Batu Putih
640313,6403,64.03.13,Biatan
640705,6407,64.07.05,Long Iram
640706,6407,64.07.06,Melak
640707,6407,64.07.07,Barong Tongkok
640708,6407,64.07.08,Damai
640709,6407,64.07.09,Muara Lawa
640710,6407,64.07.10,Muara Pahu
640711,6407,64.07.11,Jempang
640712,6407,64.07.12,Bongan
640713,6407,64.07.13,Penyinggahan
640714,6407,64.07.14,Bentian Besar
640715,6407,64.07.15,Linggang Bigung
640716,6407,64.07.16,Nyuatan
640717,6407,64.07.17,Siluq Ngurai
640718,6407,64.07.18,Mook Manaar Bulatn
640719,6407,64.07.19,Tering
640720,6407,64.07.20,Sekolaq Darat
640801,6408,64.08.01,Muara Ancalong
640802,6408,64.08.02,Muara Wahau
640803,6408,64.08.03,Muara Bengkal
640804,6408,64.08.04,Sangatta Utara
640805,6408,64.08.05,Sangkulirang
640806,6408,64.08.06,Busang
640807,6408,64.08.07,Telen
640808,6408,64.08.08,Kombeng
640809,6408,64.08.09,Bengalon
640810,6408,64.08.10,Kaliorang
640811,6408,64.08.11,Sandaran
640812,6408,64.08.12,Sangatta Selatan
640813,6408,64.08.13,Teluk Pandan
640814,6408,64.08.14,Rantau Pulung
640815,6408,64.08.15,Kaubun
640816,6408,64.08.16,Karangan
640817,6408,64.08.17,Batu Ampar
640818,6408,64.08.18,Long Mesangat
640901,6409,64.09.01,Penajam
640902,6409,64.09.02,Waru
640903,6409,64.09.03,Babulu
640904,6409,64.09.04,Sepaku
641101,6411,64.11.01,Long Bagun
641102,6411,64.11.02,Long Hubung
641103,6411,64.11.03,Laham
641104,6411,64.11.04,Long Apari
641105,6411,64.11.05,Long Pahangai
647101,6471,64.71.01,Balikpapan Timur
647102,6471,64.71.02,Balikpapan Barat
647103,6471,64.71.03,Balikpapan Utara
647104,6471,64.71.04,Balikpapan Tengah
647105,6471,64.71.05,Balikpapan Selatan
647106,6471,64.71.06,Balikpapan Kota
647201,6472,64.72.01,Palaran
647202,6472,64.72.02,Samarinda Seberang
647203,6472,64.72.03,Samarinda Ulu
647204,6472,64.72.04,Samarinda Ilir
647205,6472,64.72.05,Samarinda Utara
647206,6472,64.72.06,Sungai Kunjang
647207,6472,64.72.07,Sambutan
647208,6472,64.72.08,Sungai Pinang
647209,6472,64.72.09,Samarinda Kota
647210,6472,64.72.10,Loa Janan Ilir
647401,6474,64.74.01,Bontang Utara
647402,6474,64.74.02,Bontang Selatan
647403,6474,64.74.03,Bontang Barat
650101,6501,65.01.01,Tanjung Palas
650102,6501,65.01.02,Tanjung Palas Barat
650103,6501,65.01.03,Tanjung Palas Utara
650104,6501,65.01.04,Tanjung Palas Timur
650105,6501,65.01.05,Tanjung Selor
650106,6501,65.01.06,Tanjung Palas Tengah
650107,6501,65.01.07,Peso
650108,6501,65.01.08,Peso Hilir
650109,6501,65.01.09,Sekatak
650110,6501,65.01.10,Bunyu
650201,6502,65.02.01,Mentarang
650202,6502,65.02.02,Malinau Kota
650203,6502,65.02.03,Pujungan
650204,6502,65.02.04,Kayan Hilir
650205,6502,65.02.05,Kayan Hulu
650206,6502,65.02.06,Malinau Selatan
650207,6502,65.02.07,Malinau Utara
650208,6502,65.02.08,Malinau Barat
650209,6502,65.02.09,Sungai Boh
650210,6502,65.02.10,Kayan Selatan
650211,6502,65.02.11,Bahau Hulu
650212,6502,65.02.12,Mentarang Hulu
650213,6502,65.02.13,Malinau Selatan Hilir
650214,6502,65.02.14,Malinau Selatan Hulu
650215,6502,65.02.15,Sungai Tubu
650301,6503,65.03.01,Sebatik
650302,6503,65.03.02,Nunukan
650303,6503,65.03.03,Sembakung
650304,6503,65.03.04,Lumbis
650305,6503,65.03.05,Krayan
650306,6503,65.03.06,Sebuku
650307,6503,65.03.07,Krayan Selatan
650308,6503,65.03.08,Sebatik Barat
650309,6503,65.03.09,Nunukan Selatan
650310,6503,65.03.10,Sebatik Timur
650311,6503,65.03.11,Sebatik Utara
650312,6503,65.03.12,Sebatik Tengah
650313,6503,65.03.13,Sei Menggaris
650314,6503,65.03.14,Tulin Onsoi
650315,6503,65.03.15,Lumbis Ogong
650316,6503,65.03.16,Sembakung Atulai
650317,6503,65.03.17,Krayan Tengah
650318,6503,65.03.18,Krayan Timur
650319,6503,65.03.19,Krayan Barat
650320,6503,65.03.20,Lumbis Pansiangan
650321,6503,65.03.21,Lumbis Hulu
650401,6504,65.04.01,Sesayap
650402,6504,65.04.02,Sesayap Hilir
650403,6504,65.04.03,Tana Lia
650404,6504,65.04.04,Betayau
650405,6504,65.04.05,Muruk Rian
657101,6571,65.71.01,Tarakan Barat
657102,6571,65.71.02,Tarakan Tengah
657103,6571,65.71.03,Tarakan Timur
657104,6571,65.71.04,Tarakan Utara
710105,7101,71.01.05,Sang Tombolang
710109,7101,71.01.09,Dumoga Barat
710110,7101,71.01.10,Dumoga Timur
710111,7101,71.01.11,Dumoga Utara
710112,7101,71.01.12,Lolak
710113,7101,71.01.13,Bolaang
710114,7101,71.01.14,Lolayan
710119,7101,71.01.19,Passi Barat
710120,7101,71.01.20,Poigar
710122,7101,71.01.22,Passi Timur
710131,7101,71.01.31,Bolaang Timur
710132,7101,71.01.32,Bilalang
710133,7101,71.01.33,Dumoga
710134,7101,71.01.34,Dumoga Tenggara
710135,7101,71.01.35,Dumoga Tengah
710201,7102,71.02.01,Tondano Barat
710202,7102,71.02.02,Tondano Timur
710203,7102,71.02.03,Eris
710204,7102,71.02.04,Kombi
710205,7102,71.02.05,Lembean Timur
710206,7102,71.02.06,Kakas
710207,7102,71.02.07,Tompaso
710208,7102,71.02.08,Remboken
710209,7102,71.02.09,Langowan Timur
710210,7102,71.02.10,Langowan Barat
710211,7102,71.02.11,Sonder
710212,7102,71.02.12,Kawangkoan
710213,7102,71.02.13,Pineleng
710214,7102,71.02.14,Tombulu
710215,7102,71.02.15,Tombariri
710216,7102,71.02.16,Tondano Utara
710217,7102,71.02.17,Langowan Selatan
710218,7102,71.02.18,Tondano Selatan
710219,7102,71.02.19,Langowan Utara
710220,7102,71.02.20,Kakas Barat
710221,7102,71.02.21,Kawangkoan Utara
710222,7102,71.02.22,Kawangkoan Barat
710223,7102,71.02.23,Mandolang
710224,7102,71.02.24,Tombariri Timur
710225,7102,71.02.25,Tompaso Barat
710308,7103,71.03.08,Tabukan Utara
710309,7103,71.03.09,Nusa Tabukan
710310,7103,71.03.10,Manganitu Selatan
710311,7103,71.03.11,Tatoareng
710312,7103,71.03.12,Tamako
710313,7103,71.03.13,Manganitu
710314,7103,71.03.14,Tabukan Tengah
710315,7103,71.03.15,Tabukan Selatan
710316,7103,71.03.16,Kendahe
710317,7103,71.03.17,Tahuna
710319,7103,71.03.19,Tabukan Selatan Tengah
710320,7103,71.03.20,Tabukan Selatan Tenggara
710323,7103,71.03.23,Tahuna Barat
710324,7103,71.03.24,Tahuna Timur
710325,7103,71.03.25,Kepulauan Marore
710401,7104,71.04.01,Lirung
710402,7104,71.04.02,Beo
710403,7104,71.04.03,Rainis
710404,7104,71.04.04,Essang
710405,7104,71.04.05,Nanusa
710406,7104,71.04.06,Kabaruan
710407,7104,71.04.07,Melonguane
710408,7104,71.04.08,Gemeh
710409,7104,71.04.09,Damau
710410,7104,71.04.10,Tampan' Amma
710411,7104,71.04.11,Salibabu
710412,7104,71.04.12,Kalongan
710413,7104,71.04.13,Miangas
710414,7104,71.04.14,Beo Utara
710415,7104,71.04.15,Pulutan
710416,7104,71.04.16,Melonguane Timur
710417,7104,71.04.17,Moronge
710418,7104,71.04.18,Beo Selatan
710419,7104,71.04.19,Essang Selatan
710501,7105,71.05.01,Modoinding
710502,7105,71.05.02,Tompaso Baru
710503,7105,71.05.03,Ranoyapo
710507,7105,71.05.07,Motoling
710508,7105,71.05.08,Sinonsayang
710509,7105,71.05.09,Tenga
710510,7105,71.05.10,Amurang
710512,7105,71.05.12,Tumpaan
710513,7105,71.05.13,Tareran
710515,7105,71.05.15,Kumelembuai
710516,7105,71.05.16,Maesaan
710517,7105,71.05.17,Amurang Barat
710518,7105,71.05.18,Amurang Timur
710519,7105,71.05.19,Tatapaan
710521,7105,71.05.21,Motoling Barat
710522,7105,71.05.22,Motoling Timur
710523,7105,71.05.23,Suluun Tareran
710601,7106,71.06.01,Kema
710602,7106,71.06.02,Kauditan
710603,7106,71.06.03,Airmadidi
710604,7106,71.06.04,Wori
710605,7106,71.06.05,Dimembe
710606,7106,71.06.06,Likupang Barat
710607,7106,71.06.07,Likupang Timur
710608,7106,71.06.08,Kalawat
710609,7106,71.06.09,Talawaan
710610,7106,71.06.10,Likupang Selatan
710701,7107,71.07.01,Ratahan
710702,7107,71.07.02,Pusomaen
710703,7107,71.07.03,Belang
710704,7107,71.07.04,Ratatotok
710705,7107,71.07.05,Tombatu
710706,7107,71.07.06,Touluaan
710707,7107,71.07.07,Touluaan Selatan
710708,7107,71.07.08,Silian Raya
710709,7107,71.07.09,Tombatu Timur
710710,7107,71.07.10,Tombatu Utara
710711,7107,71.07.11,Pasan
710712,7107,71.07.12,Ratahan Timur
710801,7108,71.08.01,Sangkub
710802,7108,71.08.02,Bintauna
710803,7108,71.08.03,Bolangitang Timur
710804,7108,71.08.04,Bolangitang Barat
710805,7108,71.08.05,Kaidipang
710806,7108,71.08.06,Pinogaluman
710901,7109,71.09.01,Siau Timur
710902,7109,71.09.02,Siau Barat
710903,7109,71.09.03,Tagulandang
710904,7109,71.09.04,Siau Timur Selatan
710905,7109,71.09.05,Siau Barat Selatan
710906,7109,71.09.06,Tagulandang Utara
710907,7109,71.09.07,Biaro
710908,7109,71.09.08,Siau Barat Utara
710909,7109,71.09.09,Siau Tengah
710910,7109,71.09.10,Tagulandang Selatan
711001,7110,71.10.01,Tutuyan
711002,7110,71.10.02,Kotabunan
711003,7110,71.10.03,Nuangan
711004,7110,71.10.04,Modayag
711005,7110,71.10.05,Modayag Barat
711006,7110,71.10.06,Motongkad
711007,7110,71.10.07,Mooat
711101,7111,71.11.01,Bolaang Uki
711102,7111,71.11.02,Posigadan
711103,7111,71.11.03,Pinolosian
711104,7111,71.11.04,Pinolosian Tengah
711105,7111,71.11.05,Pinolosian Timur
711106,7111,71.11.06,Helumo
711107,7111,71.11.07,Tomini
717101,7171,71.71.01,Bunaken
717102,7171,71.71.02,Tuminting
717103,7171,71.71.03,Singkil
717104,7171,71.71.04,Wenang
717105,7171,71.71.05,Tikala
717106,7171,71.71.06,Sario
717107,7171,71.71.07,Wanea
717108,7171,71.71.08,Mapanget
717109,7171,71.71.09,Malalayang
717110,7171,71.71.10,Bunaken Kepulauan
717111,7171,71.71.11,Paal Dua
717201,7172,71.72.01,Lembeh Selatan
717202,7172,71.72.02,Madidir
717203,7172,71.72.03,Ranowulu
717204,7172,71.72.04,Aertembaga
717205,7172,71.72.05,Matuari
717206,7172,71.72.06,Girian
717207,7172,71.72.07,Maesa
717208,7172,71.72.08,Lembeh Utara
717301,7173,71.73.01,Tomohon Selatan
717302,7173,71.73.02,Tomohon Tengah
717303,7173,71.73.03,Tomohon Utara
717304,7173,71.73.04,Tomohon Barat
717305,7173,71.73.05,Tomohon Timur
717401,7174,71.74.01,Kotamobagu Utara
717402,7174,71.74.02,Kotamobagu Timur
717403,7174,71.74.03,Kotamobagu Selatan
717404,7174,71.74.04,Kotamobagu Barat
720101,7201,72.01.01,Batui
720102,7201,72.01.02,Bunta
720103,7201,72.01.03,Kintom
720104,7201,72.01.04,Luwuk
720105,7201,72.01.05,Lamala
720106,7201,72.01.06,Balantak
720107,7201,72.01.07,Pagimana
720108,7201,72.01.08,Bualemo
720109,7201,72.01.09,Toili
720110,7201,72.01.10,Masama
720111,7201,72.01.11,Luwuk Timur
720112,7201,72.01.12,Toili Barat
720113,7201,72.01.13,Nuhon
720114,7201,72.01.14,Moilong
720115,7201,72.01.15,Batui Selatan
720116,7201,72.01.16,Lobu
720117,7201,72.01.17,Simpang Raya
720118,7201,72.01.18,Balantak Selatan
720119,7201,72.01.19,Balantak Utara
720120,7201,72.01.20,Luwuk Selatan
720121,7201,72.01.21,Luwuk Utara
720122,7201,72.01.22,Mantoh
720123,7201,72.01.23,Nambo
720124,7201,72.01.24,Toili Jaya
720201,7202,72.02.01,Poso Kota
720202,7202,72.02.02,Poso Pesisir
720203,7202,72.02.03,Lage
720204,7202,72.02.04,Pamona Puselemba
720205,7202,72.02.05,Pamona Timur
720206,7202,72.02.06,Pamona Selatan
720207,7202,72.02.07,Lore Utara
720208,7202,72.02.08,Lore Tengah
720209,7202,72.02.09,Lore Selatan
720218,7202,72.02.18,Poso Pesisir Utara
720219,7202,72.02.19,Poso Pesisir Selatan
720220,7202,72.02.20,Pamona Barat
720221,7202,72.02.21,Poso Kota Selatan
720222,7202,72.02.22,Poso Kota Utara
720223,7202,72.02.23,Lore Barat
720224,7202,72.02.24,Lore Timur
720225,7202,72.02.25,Lore Peore
720226,7202,72.02.26,Pamona Tenggara
720227,7202,72.02.27,Pamona Utara
720304,7203,72.03.04,Rio Pakava
720306,7203,72.03.06,Dampelas
720308,7203,72.03.08,Banawa
720309,7203,72.03.09,Labuan
720310,7203,72.03.10,Sindue
720311,7203,72.03.11,Sirenja
720312,7203,72.03.12,Balaesang
720314,7203,72.03.14,Sojol
720318,7203,72.03.18,Banawa Selatan
720319,7203,72.03.19,Tanantovea
720321,7203,72.03.21,Pinembani
720324,7203,72.03.24,Sindue Tombusabora
720325,7203,72.03.25,Sindue Tobata
720327,7203,72.03.27,Banawa Tengah
720330,7203,72.03.30,Sojol Utara
720331,7203,72.03.31,Balaesang Tanjung
720401,7204,72.04.01,Dampal Selatan
720402,7204,72.04.02,Dampal Utara
720403,7204,72.04.03,Dondo
720404,7204,72.04.04,Basidondo
720405,7204,72.04.05,Ogodeide
720406,7204,72.04.06,Lampasio
720407,7204,72.04.07,Baolan
720408,7204,72.04.08,Galang
720409,7204,72.04.09,Tolitoli Utara
720410,7204,72.04.10,Dako Pemean
720501,7205,72.05.01,Momunu
720502,7205,72.05.02,Lakea
720503,7205,72.05.03,Bokat
720504,7205,72.05.04,Bunobogu
720505,7205,72.05.05,Paleleh
720506,7205,72.05.06,Biau
720507,7205,72.05.07,Tiloan
720508,7205,72.05.08,Bukal
720509,7205,72.05.09,Gadung
720510,7205,72.05.10,Karamat
720511,7205,72.05.11,Paleleh Barat
720605,7206,72.06.05,Bungku Tengah
720606,7206,72.06.06,Bungku Selatan
720607,7206,72.06.07,Menui Kepulauan
720608,7206,72.06.08,Bungku Barat
720609,7206,72.06.09,Bumi Raya
720610,7206,72.06.10,Bahodopi
720612,7206,72.06.12,Wita Ponda
720615,7206,72.06.15,Bungku Pesisir
720618,7206,72.06.18,Bungku Timur
720620,7206,72.06.20,Sombori Kepulauan
720703,7207,72.07.03,Totikum
720704,7207,72.07.04,Tinangkung
720705,7207,72.07.05,Liang
720706,7207,72.07.06,Bulagi
720707,7207,72.07.07,Buko
720709,7207,72.07.09,Bulagi Selatan
720711,7207,72.07.11,Tinangkung Selatan
720715,7207,72.07.15,Totikum Selatan
720716,7207,72.07.16,Peling Tengah
720717,7207,72.07.17,Bulagi Utara
720718,7207,72.07.18,Buko Selatan
720719,7207,72.07.19,Tinangkung Utara
720801,7208,72.08.01,Parigi
720802,7208,72.08.02,Ampibabo
720803,7208,72.08.03,Tinombo
720804,7208,72.08.04,Moutong
720805,7208,72.08.05,Tomini
720806,7208,72.08.06,Sausu
720807,7208,72.08.07,Bolano Lambunu
720808,7208,72.08.08,Kasimbar
720809,7208,72.08.09,Torue
720810,7208,72.08.10,Tinombo Selatan
720811,7208,72.08.11,Parigi Selatan
720812,7208,72.08.12,Mepanga
720813,7208,72.08.13,Toribulu
720814,7208,72.08.14,Taopa
720815,7208,72.08.15,Balinggi
720816,7208,72.08.16,Parigi Barat
720817,7208,72.08.17,Siniu
720818,7208,72.08.18,Palasa
720819,7208,72.08.19,Parigi Utara
720820,7208,72.08.20,Parigi Tengah
720821,7208,72.08.21,Bolano
720822,7208,72.08.22,Ongka Malino
720823,7208,72.08.23,Sidoan
720901,7209,72.09.01,Una Una
720902,7209,72.09.02,Togean
720903,7209,72.09.03,Walea Kepulauan
720904,7209,72.09.04,Ampana Tete
720905,7209,72.09.05,Ampana Kota
720906,7209,72.09.06,Ulubongka
720907,7209,72.09.07,Tojo Barat
720908,7209,72.09.08,Tojo
720909,7209,72.09.09,Walea Besar
720910,7209,72.09.10,Ratolindo
720911,7209,72.09.11,Batudaka
720912,7209,72.09.12,Talatako
721001,7210,72.10.01,Sigi Biromaru
721002,7210,72.10.02,Palolo
721003,7210,72.10.03,Nokilalaki
721004,7210,72.10.04,Lindu
721005,7210,72.10.05,Kulawi
721006,7210,72.10.06,Kulawi Selatan
721007,7210,72.10.07,Pipikoro
721008,7210,72.10.08,Gumbasa
721009,7210,72.10.09,Dolo Selatan
721010,7210,72.10.10,Tanambulava
721011,7210,72.10.11,Dolo Barat
721012,7210,72.10.12,Dolo
721013,7210,72.10.13,Kinovaro
721014,7210,72.10.14,Marawola
721015,7210,72.10.15,Marawola Barat
721101,7211,72.11.01,Banggai
721102,7211,72.11.02,Banggai Utara
721103,7211,72.11.03,Bokan Kepulauan
721104,7211,72.11.04,Bangkurung
721105,7211,72.11.05,Labobo
721106,7211,72.11.06,Banggai Selatan
721107,7211,72.11.07,Banggai Tengah
721201,7212,72.12.01,Petasia
721202,7212,72.12.02,Petasia Timur
721203,7212,72.12.03,Lembo Raya
721204,7212,72.12.04,Lembo
721205,7212,72.12.05,Mori Atas
721206,7212,72.12.06,Mori Utara
721207,7212,72.12.07,Soyo Jaya
721208,7212,72.12.08,Bungku Utara
721209,7212,72.12.09,Mamosalato
721210,7212,72.12.10,Petasia Barat
727101,7271,72.71.01,Palu Timur
727102,7271,72.71.02,Palu Barat
727103,7271,72.71.03,Palu Selatan
727104,7271,72.71.04,Palu Utara
727105,7271,72.71.05,Ulujadi
727106,7271,72.71.06,Tatanga
727107,7271,72.71.07,Tawaeli
727108,7271,72.71.08,Mantikulore
730101,7301,73.01.01,Benteng
730102,7301,73.01.02,Bontoharu
730103,7301,73.01.03,Bontomatene
730104,7301,73.01.04,Bontomanai
730105,7301,73.01.05,Bontosikuyu
730106,7301,73.01.06,Pasimasunggu
730107,7301,73.01.07,Pasimarannu
730108,7301,73.01.08,Taka Bonerate
730109,7301,73.01.09,Pasilambena
730110,7301,73.01.10,Pasimasunggu Timur
730111,7301,73.01.11,Buki
730201,7302,73.02.01,Gantarang
730202,7302,73.02.02,Ujung Bulu
730203,7302,73.02.03,Bonto Bahari
730204,7302,73.02.04,Bonto Tiro
730205,7302,73.02.05,Herlang
730206,7302,73.02.06,Kajang
730207,7302,73.02.07,Bulukumpa
730208,7302,73.02.08,Kindang
730209,7302,73.02.09,Ujungloe
730210,7302,73.02.10,Rilauale
730301,7303,73.03.01,Bissappu
730302,7303,73.03.02,Bantaeng
730303,7303,73.03.03,Eremerasa
730304,7303,73.03.04,Tompo Bulu
730305,7303,73.03.05,Pajukukang
730306,7303,73.03.06,Uluere
730307,7303,73.03.07,Gantarang Keke
730308,7303,73.03.08,Sinoa
730401,7304,73.04.01,Bangkala
730402,7304,73.04.02,Tamalatea
730403,7304,73.04.03,Binamu
730404,7304,73.04.04,Batang
730405,7304,73.04.05,Kelara
730406,7304,73.04.06,Bangkala Barat
730407,7304,73.04.07,Bontoramba
730408,7304,73.04.08,Turatea
730409,7304,73.04.09,Arungkeke
730410,7304,73.04.10,Rumbia
730411,7304,73.04.11,Tarowang
730501,7305,73.05.01,Mappakasunggu
730502,7305,73.05.02,Mangarabombang
730503,7305,73.05.03,Polongbangkeng Selatan
730504,7305,73.05.04,Polongbangkeng Utara
730505,7305,73.05.05,Galesong Selatan
730506,7305,73.05.06,Galesong Utara
730507,7305,73.05.07,Pattallassang
730508,7305,73.05.08,Sanrobone
730509,7305,73.05.09,Galesong
730510,7305,73.05.10,Kepulauan Tanakeke
730511,7305,73.05.11,Polongbangkeng Timur
730512,7305,73.05.12,Laikang
730601,7306,73.06.01,Bontonompo
730602,7306,73.06.02,Bajeng
730603,7306,73.06.03,Tompobulu
730604,7306,73.06.04,Tinggimoncong
730605,7306,73.06.05,Parangloe
730606,7306,73.06.06,Bontomarannu
730607,7306,73.06.07,Pallangga
730608,7306,73.06.08,Somba Opu
730609,7306,73.06.09,Bungaya
730610,7306,73.06.10,Tombolopao
730611,7306,73.06.11,Biringbulu
730612,7306,73.06.12,Barombong
730613,7306,73.06.13,Pattallasang
730614,7306,73.06.14,Manuju
730615,7306,73.06.15,Bontolempangang
730616,7306,73.06.16,Bontonompo Selatan
730617,7306,73.06.17,Parigi
730618,7306,73.06.18,Bajeng Barat
730701,7307,73.07.01,Sinjai Barat
730702,7307,73.07.02,Sinjai Selatan
730703,7307,73.07.03,Sinjai Timur
730704,7307,73.07.04,Sinjai Tengah
730705,7307,73.07.05,Sinjai Utara
730706,7307,73.07.06,Bulupoddo
730707,7307,73.07.07,Sinjai Borong
730708,7307,73.07.08,Tellu Limpoe
730709,7307,73.07.09,Pulau Sembilan
730801,7308,73.08.01,Bontocani
730802,7308,73.08.02,Kahu
730803,7308,73.08.03,Kajuara
730804,7308,73.08.04,Salomekko
730805,7308,73.08.05,Tonra
730806,7308,73.08.06,Libureng
730807,7308,73.08.07,Mare
730808,7308,73.08.08,Sibulue
730809,7308,73.08.09,Barebbo
730810,7308,73.08.10,Cina
730811,7308,73.08.11,Ponre
730812,7308,73.08.12,Lappariaja
730813,7308,73.08.13,Lamuru
730814,7308,73.08.14,Ulaweng
730815,7308,73.08.15,Palakka
730816,7308,73.08.16,Awangpone
730817,7308,73.08.17,Tellu Siattinge
730818,7308,73.08.18,Ajangale
730819,7308,73.08.19,Dua Boccoe
730820,7308,73.08.20,Cenrana
730821,7308,73.08.21,Tanete Riattang
730822,7308,73.08.22,Tanete Riattang Barat
730823,7308,73.08.23,Tanete Riattang Timur
730824,7308,73.08.24,Amali
730825,7308,73.08.25,Tellulimpoe
730826,7308,73.08.26,Bengo
730827,7308,73.08.27,Patimpeng
730901,7309,73.09.01,Mandai
730902,7309,73.09.02,Camba
730903,7309,73.09.03,Bantimurung
730904,7309,73.09.04,Maros Baru
730905,7309,73.09.05,Bontoa
730906,7309,73.09.06,Malllawa
730907,7309,73.09.07,Tanralili
730908,7309,73.09.08,Marusu
730909,7309,73.09.09,Simbang
730910,7309,73.09.10,Cenrana
730911,7309,73.09.11,Tompobulu
730912,7309,73.09.12,Lau
730913,7309,73.09.13,Moncongloe
730914,7309,73.09.14,Turikale
731001,7310,73.10.01,Liukang Tangaya
731002,7310,73.10.02,Liukang Kalmas
731003,7310,73.10.03,Liukang Tupabbiring
731004,7310,73.10.04,Pangkajene
731005,7310,73.10.05,Balocci
731006,7310,73.10.06,Bungoro
731007,7310,73.10.07,Labakkang
731008,7310,73.10.08,Marang
731009,7310,73.10.09,Segeri
731010,7310,73.10.10,Minasate'ne
731011,7310,73.10.11,Mandalle
731012,7310,73.10.12,Tondong Tallasa
731013,7310,73.10.13,Liukang Tupabbiring Utara
731101,7311,73.11.01,Tanete Riaja
731102,7311,73.11.02,Tanete Rilau
731103,7311,73.11.03,Barru
731104,7311,73.11.04,Soppeng Riaja
731105,7311,73.11.05,Mallusetasi
731106,7311,73.11.06,Pujananting
731107,7311,73.11.07,Balusu
731201,7312,73.12.01,Marioriwawo
731202,7312,73.12.02,Liliriaja
731203,7312,73.12.03,Lilirilau
731204,7312,73.12.04,Lalabata
731205,7312,73.12.05,Marioriawa
731206,7312,73.12.06,Donri-Donri
731207,7312,73.12.07,Ganra
731208,7312,73.12.08,Citta
731301,7313,73.13.01,Sabangparu
731302,7313,73.13.02,Pammana
731303,7313,73.13.03,Takkalalla
731304,7313,73.13.04,Sajoanging
731305,7313,73.13.05,Majauleng
731306,7313,73.13.06,Tempe
731307,7313,73.13.07,Belawa
731308,7313,73.13.08,Tanasitolo
731309,7313,73.13.09,Maniangpajo
731310,7313,73.13.10,Pitumpanua
731311,7313,73.13.11,Bola
731312,7313,73.13.12,Penrang
731313,7313,73.13.13,Gilireng
731314,7313,73.13.14,Keera
731401,7314,73.14.01,Panca Lautang
731402,7314,73.14.02,Tellu Limpoe
731403,7314,73.14.03,Watang Pulu
731404,7314,73.14.04,Baranti
731405,7314,73.14.05,Panca Rijang
731406,7314,73.14.06,Kulo
731407,7314,73.14.07,Maritengngae
731408,7314,73.14.08,Watang Sidenreng
731409,7314,73.14.09,Dua Pitue
731410,7314,73.14.10,Pitu Riawa
731411,7314,73.14.11,Pitu Riase
731501,7315,73.15.01,Mattiro Sompe
731502,7315,73.15.02,Suppa
731503,7315,73.15.03,Mattiro Bulu
731504,7315,73.15.04,Watang Sawitto
731505,7315,73.15.05,Patampanua
731506,7315,73.15.06,Duampanua
731507,7315,73.15.07,Lembang
731508,7315,73.15.08,Cempa
731509,7315,73.15.09,Tiroang
731510,7315,73.15.10,Lanrisang
731511,7315,73.15.11,Paleteang
731512,7315,73.15.12,Batulappa
731601,7316,73.16.01,Maiwa
731602,7316,73.16.02,Enrekang
731603,7316,73.16.03,Baraka
731604,7316,73.16.04,Anggeraja
731605,7316,73.16.05,Alla
731606,7316,73.16.06,Bungin
731607,7316,73.16.07,Cendana
731608,7316,73.16.08,Curio
731609,7316,73.16.09,Malua
731610,7316,73.16.10,Buntu Batu
731611,7316,73.16.11,Masalle
731612,7316,73.16.12,Baroko
731701,7317,73.17.01,Basse Sangtempe
731702,7317,73.17.02,Larompong
731703,7317,73.17.03,Suli
731704,7317,73.17.04,Bajo
731705,7317,73.17.05,Bua Ponrang
731706,7317,73.17.06,Walenrang
731707,7317,73.17.07,Belopa
731708,7317,73.17.08,Bua
731709,7317,73.17.09,Lamasi
731710,7317,73.17.10,Larompong Selatan
731711,7317,73.17.11,Ponrang
731712,7317,73.17.12,Latimojong
731713,7317,73.17.13,Kamanre
731714,7317,73.17.14,Belopa Utara
731715,7317,73.17.15,Walenrang Barat
731716,7317,73.17.16,Walenrang Utara
731717,7317,73.17.17,Walenrang Timur
731718,7317,73.17.18,Lamasi Timur
731719,7317,73.17.19,Suli Barat
731720,7317,73.17.20,Bajo Barat
731721,7317,73.17.21,Ponrang Selatan
731722,7317,73.17.22,Basse Sangtempe Utara
731801,7318,73.18.01,Salupputti
731802,7318,73.18.02,Bittuang
731803,7318,73.18.03,Bonggakaradeng
731805,7318,73.18.05,Makale
731809,7318,73.18.09,Simbuang
731811,7318,73.18.11,Rantetayo
731812,7318,73.18.12,Mengkendek
731813,7318,73.18.13,Sangalla'
731819,7318,73.18.19,Gandangbatu Sillanan
731820,7318,73.18.20,Rembon
731827,7318,73.18.27,Makale Utara
731828,7318,73.18.28,Mappak
731829,7318,73.18.29,Makale Selatan
731831,7318,73.18.31,Masanda
731833,7318,73.18.33,Sangalla' Selatan
731834,7318,73.18.34,Sangalla' Utara
731835,7318,73.18.35,Malimbong Balepe'
731837,7318,73.18.37,Rano
731838,7318,73.18.38,Kurra
732201,7322,73.22.01,Malangke
732202,7322,73.22.02,Bone Bone
732203,7322,73.22.03,Masamba
732204,7322,73.22.04,Sabbang
732205,7322,73.22.05,Rongkong
732206,7322,73.22.06,Sukamaju
732207,7322,73.22.07,Seko
732208,7322,73.22.08,Malangke Barat
732209,7322,73.22.09,Rampi
732210,7322,73.22.10,Mappedeceng
732211,7322,73.22.11,Baebunta
732212,7322,73.22.12,Tana Lili
732213,7322,73.22.13,Sukamaju Selatan
732214,7322,73.22.14,Baebunta Selatan
732215,7322,73.22.15,Sabbang Selatan
732401,7324,73.24.01,Mangkutana
732402,7324,73.24.02,Nuha
732403,7324,73.24.03,Towuti
732404,7324,73.24.04,Malili
732405,7324,73.24.05,Angkona
732406,7324,73.24.06,Wotu
732407,7324,73.24.07,Burau
732408,7324,73.24.08,Tomoni
732409,7324,73.24.09,Tomoni Timur
732410,7324,73.24.10,Kalaena
732411,7324,73.24.11,Wasuponda
732601,7326,73.26.01,Rantepao
732602,7326,73.26.02,Sesean
732603,7326,73.26.03,Nanggala
732604,7326,73.26.04,Rindingallo
732605,7326,73.26.05,Buntao
732606,7326,73.26.06,Sa'dan
732607,7326,73.26.07,Sanggalangi
732608,7326,73.26.08,Sopai
732609,7326,73.26.09,Tikala
732610,7326,73.26.10,Balusu
732611,7326,73.26.11,Tallunglipu
732612,7326,73.26.12,Dende' Piongan Napo
732613,7326,73.26.13,Buntu Pepasan
732614,7326,73.26.14,Baruppu
732615,7326,73.26.15,Kesu
732616,7326,73.26.16,Tondon
732617,7326,73.26.17,Bangkelekila
732618,7326,73.26.18,Rantebua
732619,7326,73.26.19,Sesean Suloara
732620,7326,73.26.20,Kapala Pitu
732621,7326,73.26.21,Awan Rante Karua
737101,7371,73.71.01,Mariso
737102,7371,73.71.02,Mamajang
737103,7371,73.71.03,Makassar
737104,7371,73.71.04,Ujung Pandang
737105,7371,73.71.05,Wajo
737106,7371,73.71.06,Bontoala
737107,7371,73.71.07,Tallo
737108,7371,73.71.08,Ujung Tanah
737109,7371,73.71.09,Panakkukang
737110,7371,73.71.10,Tamalate
737111,7371,73.71.11,Biringkanaya
737112,7371,73.71.12,Manggala
737113,7371,73.71.13,Rappocini
737114,7371,73.71.14,Tamalanrea
737115,7371,73.71.15,Kepulauan Sangkarrang
737201,7372,73.72.01,Bacukiki
737202,7372,73.72.02,Ujung
737203,7372,73.72.03,Soreang
737204,7372,73.72.04,Bacukiki Barat
737301,7373,73.73.01,Wara
737302,7373,73.73.02,Wara Utara
737303,7373,73.73.03,Wara Selatan
737304,7373,73.73.04,Telluwanua
737305,7373,73.73.05,Wara Timur
737306,7373,73.73.06,Wara Barat
737307,7373,73.73.07,Sendana
737308,7373,73.73.08,Mungkajang
737309,7373,73.73.09,Bara
740101,7401,74.01.01,Wundulako
740104,7401,74.01.04,Kolaka
740107,7401,74.01.07,Pomalaa
740108,7401,74.01.08,Watubangga
740110,7401,74.01.10,Wolo
740112,7401,74.01.12,Baula
740114,7401,74.01.14,Latambaga
740118,7401,74.01.18,Tanggetada
740120,7401,74.01.20,Samaturu
740124,7401,74.01.24,Toari
740125,7401,74.01.25,Polinggona
740127,7401,74.01.27,Iwoimendaa
740201,7402,74.02.01,Lambuya
740202,7402,74.02.02,Unaaha
740203,7402,74.02.03,Wawotobi
740204,7402,74.02.04,Pondidaha
740205,7402,74.02.05,Sampara
740210,7402,74.02.10,Abuki
740211,7402,74.02.11,Soropia
740215,7402,74.02.15,Tongauna
740216,7402,74.02.16,Latoma
740217,7402,74.02.17,Puriala
740218,7402,74.02.18,Uepai
740219,7402,74.02.19,Wonggeduku
740220,7402,74.02.20,Besulutu
740221,7402,74.02.21,Bondoala
740223,7402,74.02.23,Routa
740224,7402,74.02.24,Anggaberi
740225,7402,74.02.25,Meluhu
740228,7402,74.02.28,Amonggedo
740231,7402,74.02.31,Asinua
740232,7402,74.02.32,Konawe
740233,7402,74.02.33,Kapoiala
740236,7402,74.02.36,Lalonggasumeeto
740237,7402,74.02.37,Onembute
740238,7402,74.02.38,Padangguni
740239,7402,74.02.39,Morosi
740240,7402,74.02.40,Anggalomoare
740241,7402,74.02.41,Wonggeduku Barat
740242,7402,74.02.42,Tongauna Utara
740306,7403,74.03.06,Napabalano
740307,7403,74.03.07,Maligano
740313,7403,74.03.13,Wakorumba Selatan
740314,7403,74.03.14,Lasalepa
740315,7403,74.03.15,Batalaiworu
740316,7403,74.03.16,Katobu
740317,7403,74.03.17,Duruka
740318,7403,74.03.18,Lohia
740319,7403,74.03.19,Watopute
740320,7403,74.03.20,Kontunaga
740323,7403,74.03.23,Kabangka
740324,7403,74.03.24,Kabawo
740325,7403,74.03.25,Parigi
740326,7403,74.03.26,Bone
740327,7403,74.03.27,Tongkuno
740328,7403,74.03.28,Pasir Putih
740330,7403,74.03.30,Kontu Kowuna
740331,7403,74.03.31,Marobo
740332,7403,74.03.32,Tongkuno Selatan
740333,7403,74.03.33,Pasi Kolaga
740334,7403,74.03.34,Batukara
740337,7403,74.03.37,Towea
740411,7404,74.04.11,Pasarwajo
740422,7404,74.04.22,Kapontori
740423,7404,74.04.23,Lasalimu
740424,7404,74.04.24,Lasalimu Selatan
740427,7404,74.04.27,Siotapina
740428,7404,74.04.28,Wolowa
740429,7404,74.04.29,Wabula
740501,7405,74.05.01,Tinanggea
740502,7405,74.05.02,Angata
740503,7405,74.05.03,Andoolo
740504,7405,74.05.04,Palangga
740505,7405,74.05.05,Landono
740506,7405,74.05.06,Lainea
740507,7405,74.05.07,Konda
740508,7405,74.05.08,Ranomeeto
740509,7405,74.05.09,Kolono
740510,7405,74.05.10,Moramo
740511,7405,74.05.11,Laonti
740512,7405,74.05.12,Lalembuu
740513,7405,74.05.13,Benua
740514,7405,74.05.14,Palangga Selatan
740515,7405,74.05.15,Mowila
740516,7405,74.05.16,Moramo Utara
740517,7405,74.05.17,Buke
740518,7405,74.05.18,Wolasi
740519,7405,74.05.19,Laeya
740520,7405,74.05.20,Baito
740521,7405,74.05.21,Basala
740522,7405,74.05.22,Ranomeeto Barat
740523,7405,74.05.23,Kolono Timur
740524,7405,74.05.24,Sabulakoa
740525,7405,74.05.25,Andoolo Barat
740601,7406,74.06.01,Poleang
740602,7406,74.06.02,Poleang Timur
740603,7406,74.06.03,Rarowatu
740604,7406,74.06.04,Rumbia
740605,7406,74.06.05,Kabaena
740606,7406,74.06.06,Kabaena Timur
740607,7406,74.06.07,Poleang Barat
740608,7406,74.06.08,Mata Oleo
740609,7406,74.06.09,Rarowatu Utara
740610,7406,74.06.10,Poleang Utara
740611,7406,74.06.11,Poleang Selatan
740612,7406,74.06.12,Poleang Tenggara
740613,7406,74.06.13,Kabaena Selatan
740614,7406,74.06.14,Kabaena Barat
740615,7406,74.06.15,Kabaena Utara
740616,7406,74.06.16,Kabaena Tengah
740617,7406,74.06.17,Kep. Masaloka Raya
740618,7406,74.06.18,Rumbia Tengah
740619,7406,74.06.19,Poleang Tengah
740620,7406,74.06.20,Tontonunu
740621,7406,74.06.21,Lantari Jaya
740622,7406,74.06.22,Mata Usu
740701,7407,74.07.01,Wangi-Wangi
740702,7407,74.07.02,Kaledupa
740703,7407,74.07.03,Tomia
740704,7407,74.07.04,Binongko
740705,7407,74.07.05,Wangi Wangi Selatan
740706,7407,74.07.06,Kaledupa Selatan
740707,7407,74.07.07,Tomia Timur
740708,7407,74.07.08,Togo Binongko
740801,7408,74.08.01,Lasusua
740802,7408,74.08.02,Pakue
740803,7408,74.08.03,Batu Putih
740804,7408,74.08.04,Rante Angin
740805,7408,74.08.05,Kodeoha
740806,7408,74.08.06,Ngapa
740807,7408,74.08.07,Wawo
740808,7408,74.08.08,Lambai
740809,7408,74.08.09,Watunohu
740810,7408,74.08.10,Pakue Tengah
740811,7408,74.08.11,Pakue Utara
740812,7408,74.08.12,Porehu
740813,7408,74.08.13,Katoi
740814,7408,74.08.14,Tiwu
740815,7408,74.08.15,Tolala
740901,7409,74.09.01,Asera
740902,7409,74.09.02,Wiwirano
740903,7409,74.09.03,Langgikima
740904,7409,74.09.04,Molawe
740905,7409,74.09.05,Lasolo
740906,7409,74.09.06,Lembo
740907,7409,74.09.07,Sawa
740908,7409,74.09.08,Oheo
740909,7409,74.09.09,Andowia
740910,7409,74.09.10,Motui
740911,7409,74.09.11,Wawolesea
740912,7409,74.09.12,Lasolo Kepulauan
740913,7409,74.09.13,Landawe
741001,7410,74.10.01,Kulisusu
741002,7410,74.10.02,Kambowa
741003,7410,74.10.03,Bonegunu
741004,7410,74.10.04,Kulisusu Barat
741005,7410,74.10.05,Kulisusu Utara
741006,7410,74.10.06,Wakorumba Utara
741101,7411,74.11.01,Tirawuta
741102,7411,74.11.02,Loea
741103,7411,74.11.03,Ladongi
741104,7411,74.11.04,Poli Polia
741105,7411,74.11.05,Lambandia
741106,7411,74.11.06,Lalolae
741107,7411,74.11.07,Mowewe
741108,7411,74.11.08,Uluiwoi
741109,7411,74.11.09,Tinondo
741110,7411,74.11.10,Aere
741111,7411,74.11.11,Ueesi
741112,7411,74.11.12,Dangia
741201,7412,74.12.01,Wawonii Barat
741202,7412,74.12.02,Wawonii Utara
741203,7412,74.12.03,Wawonii Timur Laut
741204,7412,74.12.04,Wawonii Timur
741205,7412,74.12.05,Wawonii Tenggara
741206,7412,74.12.06,Wawonii Selatan
741207,7412,74.12.07,Wawonii Tengah
741301,7413,74.13.01,Sawerigadi
741302,7413,74.13.02,Barangka
741303,7413,74.13.03,Lawa
741304,7413,74.13.04,Wadaga
741305,7413,74.13.05,Tiworo Selatan
741306,7413,74.13.06,Maginti
741307,7413,74.13.07,Tiworo Tengah
741308,7413,74.13.08,Tiworo Utara
741309,7413,74.13.09,Tiworo Kepulauan
741310,7413,74.13.10,Kusambi
741311,7413,74.13.11,Napano Kusambi
741401,7414,74.14.01,Lakudo
741402,7414,74.14.02,Mawasangka Timur
741403,7414,74.14.03,Mawasangka Tengah
741404,7414,74.14.04,Mawasangka
741405,7414,74.14.05,Talaga Raya
741406,7414,74.14.06,Gu
741407,7414,74.14.07,Sangia Wambulu
741501,7415,74.15.01,Batauga
741502,7415,74.15.02,Sampolawa
741503,7415,74.15.03,Lapandewa
741504,7415,74.15.04,Batu Atas
741505,7415,74.15.05,Siompu Barat
741506,7415,74.15.06,Siompu
741507,7415,74.15.07,Kadatua
747101,7471,74.71.01,Mandonga
747102,7471,74.71.02,Kendari
747103,7471,74.71.03,Baruga
747104,7471,74.71.04,Poasia
747105,7471,74.71.05,Kendari Barat
747106,7471,74.71.06,Abeli
747107,7471,74.71.07,Wua-Wua
747108,7471,74.71.08,Kadia
747109,7471,74.71.09,Puuwatu
747110,7471,74.71.10,Kambu
747111,7471,74.71.11,Nambo
747201,7472,74.72.01,Betoambari
747202,7472,74.72.02,Wolio
747203,7472,74.72.03,Sorawolio
747204,7472,74.72.04,Bungi
747205,7472,74.72.05,Kokalukuna
747206,7472,74.72.06,Murhum
747207,7472,74.72.07,Lea-Lea
747208,7472,74.72.08,Batupoaro
750101,7501,75.01.01,Limboto
750102,7501,75.01.02,Telaga
750103,7501,75.01.03,Batudaa
750104,7501,75.01.04,Tibawa
750105,7501,75.01.05,Batudaa Pantai
750109,7501,75.01.09,Boliyohuto
750110,7501,75.01.10,Telaga Biru
750111,7501,75.01.11,Bongomeme
750113,7501,75.01.13,Tolangohula
750114,7501,75.01.14,Mootilango
750116,7501,75.01.16,Pulubala
750117,7501,75.01.17,Limboto Barat
750118,7501,75.01.18,Tilango
750119,7501,75.01.19,Tabongo
750120,7501,75.01.20,Biluhu
750121,7501,75.01.21,Asparaga
750122,7501,75.01.22,Talaga Jaya
750123,7501,75.01.23,Bilato
750124,7501,75.01.24,Dungaliyo
750201,7502,75.02.01,Paguyaman
750202,7502,75.02.02,Wonosari
750203,7502,75.02.03,Dulupi
750204,7502,75.02.04,Tilamuta
750205,7502,75.02.05,Mananggu
750206,7502,75.02.06,Botumoito
750207,7502,75.02.07,Paguyaman Pantai
750301,7503,75.03.01,Tapa
750302,7503,75.03.02,Kabila
750303,7503,75.03.03,Suwawa
750304,7503,75.03.04,Bonepantai
750305,7503,75.03.05,Bulango Utara
750306,7503,75.03.06,Tilongkabila
750307,7503,75.03.07,Botupingge
750308,7503,75.03.08,Kabila Bone
750309,7503,75.03.09,Bone
750310,7503,75.03.10,Bone Raya
750311,7503,75.03.11,Suwawa Timur
750312,7503,75.03.12,Suwawa Selatan
750313,7503,75.03.13,Suwawa Tengah
750314,7503,75.03.14,Bulango Ulu
750315,7503,75.03.15,Bulango Selatan
750316,7503,75.03.16,Bulango Timur
750317,7503,75.03.17,Bulawa
750318,7503,75.03.18,Pinogu
750401,7504,75.04.01,Popayato
750402,7504,75.04.02,Lemito
750403,7504,75.04.03,Randangan
750404,7504,75.04.04,Marisa
750405,7504,75.04.05,Paguat
750406,7504,75.04.06,Patilanggio
750407,7504,75.04.07,Taluditi
750408,7504,75.04.08,Dengilo
750409,7504,75.04.09,Buntulia
750410,7504,75.04.10,Duhiadaa
750411,7504,75.04.11,Wanggarasi
750412,7504,75.04.12,Popayato Timur
750413,7504,75.04.13,Popayato Barat
750501,7505,75.05.01,Atinggola
750502,7505,75.05.02,Kwandang
750503,7505,75.05.03,Anggrek
750504,7505,75.05.04,Sumalata
750505,7505,75.05.05,Tolinggula
750506,7505,75.05.06,Gentuma Raya
750507,7505,75.05.07,Tomilito
750508,7505,75.05.08,Ponelo Kepulauan
750509,7505,75.05.09,Monano
750510,7505,75.05.10,Biau
750511,7505,75.05.11,Sumalata Timur
757101,7571,75.71.01,Kota Barat
757102,7571,75.71.02,Kota Selatan
757103,7571,75.71.03,Kota Utara
757104,7571,75.71.04,Dungingi
757105,7571,75.71.05,Kota Timur
757106,7571,75.71.06,Kota Tengah
757107,7571,75.71.07,Sipatana
757108,7571,75.71.08,Dumbo Raya
757109,7571,75.71.09,Hulonthalangi
760101,7601,76.01.01,Bambalamotu
760102,7601,76.01.02,Pasangkayu
760103,7601,76.01.03,Baras
760104,7601,76.01.04,Sarudu
760105,7601,76.01.05,Dapurang
760106,7601,76.01.06,Duripoku
760107,7601,76.01.07,Bulu Taba
760108,7601,76.01.08,Tikke Raya
760109,7601,76.01.09,Pedongga
760110,7601,76.01.10,Bambaira
760111,7601,76.01.11,Sarjo
760112,7601,76.01.12,Lariang
760201,7602,76.02.01,Mamuju
760202,7602,76.02.02,Tapalang
760203,7602,76.02.03,Kalukku
760204,7602,76.02.04,Kalumpang
760207,7602,76.02.07,Papalang
760208,7602,76.02.08,Sampaga
760211,7602,76.02.11,Tommo
760212,7602,76.02.12,Simboro
760213,7602,76.02.13,Tapalang Barat
760215,7602,76.02.15,Bonehau
760216,7602,76.02.16,Kepulauan Bala Balakang
760301,7603,76.03.01,Mambi
760302,7603,76.03.02,Aralle
760303,7603,76.03.03,Mamasa
760304,7603,76.03.04,Pana
760305,7603,76.03.05,Tabulahan
760306,7603,76.03.06,Sumarorong
760307,7603,76.03.07,Messawa
760308,7603,76.03.08,Sesenapadang
760309,7603,76.03.09,Tanduk Kalua
760310,7603,76.03.10,Tabang
760311,7603,76.03.11,Bambang
760312,7603,76.03.12,Balla
760313,7603,76.03.13,Nosu
760314,7603,76.03.14,Tawalian
760315,7603,76.03.15,Rantebulahan Timur
760316,7603,76.03.16,Buntumalangka
760317,7603,76.03.17,Mehalaan
760401,7604,76.04.01,Tinambung
760402,7604,76.04.02,Campalagian
760403,7604,76.04.03,Wonomulyo
760404,7604,76.04.04,Polewali
760405,7604,76.04.05,Tutar
760406,7604,76.04.06,Binuang
760407,7604,76.04.07,Tapango
760408,7604,76.04.08,Mapilli
760409,7604,76.04.09,Matangnga
760410,7604,76.04.10,Luyo
760411,7604,76.04.11,Limboro
760412,7604,76.04.12,Balanipa
760413,7604,76.04.13,Anreapi
760414,7604,76.04.14,Matakali
760415,7604,76.04.15,Allu
760416,7604,76.04.16,Bulo
760501,7605,76.05.01,Banggae
760502,7605,76.05.02,Pamboang
760503,7605,76.05.03,Sendana
760504,7605,76.05.04,Malunda
760505,7605,76.05.05,Ulumanda
760506,7605,76.05.06,Tammerodo Sendana
760507,7605,76.05.07,Tubo Sendana
760508,7605,76.05.08,Banggae Timur
760601,7606,76.06.01,Tobadak
760602,7606,76.06.02,Pangale
760603,7606,76.06.03,Budong-Budong
760604,7606,76.06.04,Topoyo
760605,7606,76.06.05,Karossa
810101,8101,81.01.01,Amahai
810102,8101,81.01.02,Teon Nila Serua
810106,8101,81.01.06,Seram Utara
810109,8101,81.01.09,Banda
810111,8101,81.01.11,Tehoru
810112,8101,81.01.12,Saparua
810113,8101,81.01.13,Pulau Haruku
810114,8101,81.01.14,Salahutu
810115,8101,81.01.15,Leihitu
810116,8101,81.01.16,Nusa Laut
810117,8101,81.01.17,Kota Masohi
810120,8101,81.01.20,Seram Utara Barat
810121,8101,81.01.21,Teluk Elpaputih
810122,8101,81.01.22,Leihitu Barat
810123,8101,81.01.23,Telutih
810124,8101,81.01.24,Seram Utara Timur Seti
810125,8101,81.01.25,Seram Utara Timur Kobi
810126,8101,81.01.26,Saparua Timur
810201,8102,81.02.01,Kei Kecil
810203,8102,81.02.03,Kei Besar
810204,8102,81.02.04,Kei Besar Selatan
810205,8102,81.02.05,Kei Besar Utara Timur
810213,8102,81.02.13,Kei Kecil Timur
810214,8102,81.02.14,Kei Kecil Barat
810215,8102,81.02.15,Manyeuw
810216,8102,81.02.16,Hoat Sorbay
810217,8102,81.02.17,Kei Besar Utara Barat
810218,8102,81.02.18,Kei Besar Selatan Barat
810219,8102,81.02.19,Kei Kecil Timur Selatan
810301,8103,81.03.01,Tanimbar Selatan
810302,8103,81.03.02,Selaru
810303,8103,81.03.03,Wertamrian
810304,8103,81.03.04,Wermaktian
810305,8103,81.03.05,Tanimbar Utara
810306,8103,81.03.06,Fordata
810307,8103,81.03.07,Wuar Labobar
810308,8103,81.03.08,Kormomolin
810309,8103,81.03.09,Nirunmas
810318,8103,81.03.18,Molu Maru
810401,8104,81.04.01,Namlea
810402,8104,81.04.02,Air Buaya
810403,8104,81.04.03,Waeapo
810406,8104,81.04.06,Waplau
810410,8104,81.04.10,Batabual
810411,8104,81.04.11,Lolong Guba
810412,8104,81.04.12,Waelata
810413,8104,81.04.13,Fena Leisela
810414,8104,81.04.14,Teluk Kaiely
810415,8104,81.04.15,Lilialy
810501,8105,81.05.01,Bula
810502,8105,81.05.02,Seram Timur
810503,8105,81.05.03,Werinama
810504,8105,81.05.04,Pulau Gorom
810505,8105,81.05.05,Wakate
810506,8105,81.05.06,Tutuk Tolu
810507,8105,81.05.07,Siwalalat
810508,8105,81.05.08,Kilmury
810509,8105,81.05.09,Pulau Panjang
810510,8105,81.05.10,Teor
810511,8105,81.05.11,Gorom Timur
810512,8105,81.05.12,Bula Barat
810513,8105,81.05.13,Kian Darat
810514,8105,81.05.14,Siritaun Wida Timur
810515,8105,81.05.15,Teluk Waru
810516,8105,81.05.16,Ukar Sengan
810601,8106,81.06.01,Kairatu
810602,8106,81.06.02,Seram Barat
810603,8106,81.06.03,Taniwel
810604,8106,81.06.04,Huamual Belakang
810605,8106,81.06.05,Amalatu
810606,8106,81.06.06,Inamosol
810607,8106,81.06.07,Kairatu Barat
810608,8106,81.06.08,Huamual
810609,8106,81.06.09,Kepulauan Manipa
810610,8106,81.06.10,Taniwel Timur
810611,8106,81.06.11,Elpaputih
810701,8107,81.07.01,Pulau-Pulau Aru
810702,8107,81.07.02,Aru Selatan
810703,8107,81.07.03,Aru Tengah
810704,8107,81.07.04,Aru Utara
810705,8107,81.07.05,Aru Utara Timur Batuley
810706,8107,81.07.06,Sir-Sir
810707,8107,81.07.07,Aru Tengah Timur
810708,8107,81.07.08,Aru Tengah Selatan
810709,8107,81.07.09,Aru Selatan Timur
810710,8107,81.07.10,Aru Selatan Utara
810801,8108,81.08.01,Moa
810802,8108,81.08.02,Damer
810803,8108,81.08.03,Kepulauan Luang Sermata
810804,8108,81.08.04,Babar Barat
810805,8108,81.08.05,Pulau-pulau Babar Timur
810806,8108,81.08.06,Wetar Selatan
810807,8108,81.08.07,Kisar Selatan
810808,8108,81.08.08,Pulau Leti
810809,8108,81.08.09,Pulau Masela
810810,8108,81.08.10,Dawelor Dawera
810811,8108,81.08.11,Pulau Wetang
810812,8108,81.08.12,Pulau Lakor
810813,8108,81.08.13,Wetar Utara
810814,8108,81.08.14,Wetar Barat
810815,8108,81.08.15,Wetar Timur
810816,8108,81.08.16,Kepulauan Roma
810817,8108,81.08.17,Kisar Utara
810901,8109,81.09.01,Namrole
810902,8109,81.09.02,Waesama
810903,8109,81.09.03,Ambalau
810904,8109,81.09.04,Kepala Madan
810905,8109,81.09.05,Leksula
810906,8109,81.09.06,Fena Fafan
817101,8171,81.71.01,Nusaniwe
817102,8171,81.71.02,Sirimau
817103,8171,81.71.03,Baguala
817104,8171,81.71.04,Teluk Ambon
817105,8171,81.71.05,Leitimur Selatan
817201,8172,81.72.01,Pulau Dullah Utara
817202,8172,81.72.02,Pulau Dullah Selatan
817203,8172,81.72.03,Tayando Tam
817204,8172,81.72.04,Pulau-Pulau Kur
817205,8172,81.72.05,Kur Selatan
820101,8201,82.01.01,Jailolo
820102,8201,82.01.02,Loloda
820103,8201,82.01.03,Ibu
820104,8201,82.01.04,Sahu
820105,8201,82.01.05,Jailolo Selatan
820107,8201,82.01.07,Ibu Utara
820108,8201,82.01.08,Ibu Selatan
820109,8201,82.01.09,Sahu Timur
820110,8201,82.01.10,Loloda Tengah
820201,8202,82.02.01,Weda
820202,8202,82.02.02,Patani
820203,8202,82.02.03,Pulau Gebe
820204,8202,82.02.04,Weda Utara
820205,8202,82.02.05,Weda Selatan
820206,8202,82.02.06,Patani Utara
820207,8202,82.02.07,Weda Tengah
820208,8202,82.02.08,Patani Barat
820209,8202,82.02.09,Weda Timur
820210,8202,82.02.10,Patani Timur
820304,8203,82.03.04,Galela
820305,8203,82.03.05,Tobelo
820306,8203,82.03.06,Tobelo Selatan
820307,8203,82.03.07,Kao
820308,8203,82.03.08,Malifut
820309,8203,82.03.09,Loloda Utara
820310,8203,82.03.10,Tobelo Utara
820311,8203,82.03.11,Tobelo Tengah
820312,8203,82.03.12,Tobelo Timur
820313,8203,82.03.13,Tobelo Barat
820314,8203,82.03.14,Galela Barat
820315,8203,82.03.15,Galela Utara
820316,8203,82.03.16,Galela Selatan
820319,8203,82.03.19,Loloda Kepulauan
820320,8203,82.03.20,Kao Utara
820321,8203,82.03.21,Kao Barat
820322,8203,82.03.22,Kao Teluk
820401,8204,82.04.01,Pulau Makian
820402,8204,82.04.02,Kayoa
820403,8204,82.04.03,Gane Timur
820404,8204,82.04.04,Gane Barat
820405,8204,82.04.05,Obi Selatan
820406,8204,82.04.06,Obi
820407,8204,82.04.07,Bacan Timur
820408,8204,82.04.08,Bacan
820409,8204,82.04.09,Bacan Barat
820410,8204,82.04.10,Makian Barat
820411,8204,82.04.11,Kayoa Barat
820412,8204,82.04.12,Kayoa Selatan
820413,8204,82.04.13,Kayoa Utara
820414,8204,82.04.14,Bacan Barat Utara
820415,8204,82.04.15,Kasiruta Barat
820416,8204,82.04.16,Kasiruta Timur
820417,8204,82.04.17,Bacan Selatan
820418,8204,82.04.18,Kepulauan Botanglomang
820419,8204,82.04.19,Mandioli Selatan
820420,8204,82.04.20,Mandioli Utara
820421,8204,82.04.21,Bacan Timur Selatan
820422,8204,82.04.22,Bacan Timur Tengah
820423,8204,82.04.23,Gane Barat Selatan
820424,8204,82.04.24,Gane Barat Utara
820425,8204,82.04.25,Kepulauan Joronga
820426,8204,82.04.26,Gane Timur Selatan
820427,8204,82.04.27,Gane Timur Tengah
820428,8204,82.04.28,Obi Barat
820429,8204,82.04.29,Obi Timur
820430,8204,82.04.30,Obi Utara
820501,8205,82.05.01,Mangoli Timur
820502,8205,82.05.02,Sanana
820503,8205,82.05.03,Sulabesi Barat
820506,8205,82.05.06,Mangoli Barat
820507,8205,82.05.07,Sulabesi Tengah
820508,8205,82.05.08,Sulabesi Timur
820509,8205,82.05.09,Sulabesi Selatan
820510,8205,82.05.10,Mangoli Utara Timur
820511,8205,82.05.11,Mangoli Tengah
820512,8205,82.05.12,Mangoli Selatan
820513,8205,82.05.13,Mangoli Utara
820518,8205,82.05.18,Sanana Utara
820601,8206,82.06.01,Wasile
820602,8206,82.06.02,Maba
820603,8206,82.06.03,Maba Selatan
820604,8206,82.06.04,Wasile Selatan
820605,8206,82.06.05,Wasile Tengah
820606,8206,82.06.06,Wasile Utara
820607,8206,82.06.07,Wasile Timur
820608,8206,82.06.08,Maba Tengah
820609,8206,82.06.09,Maba Utara
820610,8206,82.06.10,Kota Maba
820701,8207,82.07.01,Morotai Selatan
820702,8207,82.07.02,Morotai Selatan Barat
820703,8207,82.07.03,Morotai Jaya
820704,8207,82.07.04,Morotai Utara
820705,8207,82.07.05,Morotai Timur
820706,8207,82.07.06,Pulau Rao
820801,8208,82.08.01,Taliabu Barat
820802,8208,82.08.02,Taliabu Barat Laut
820803,8208,82.08.03,Lede
820804,8208,82.08.04,Taliabu Utara
820805,8208,82.08.05,Taliabu Timur
820806,8208,82.08.06,Taliabu Timur Selatan
820807,8208,82.08.07,Taliabu Selatan
820808,8208,82.08.08,Tabona
827101,8271,82.71.01,Pulau Ternate
827102,8271,82.71.02,Kota Ternate Selatan
827103,8271,82.71.03,Kota Ternate Utara
827104,8271,82.71.04,Moti
827105,8271,82.71.05,Pulau Batang Dua
827106,8271,82.71.06,Kota Ternate Tengah
827107,8271,82.71.07,Pulau Hiri
827108,8271,82.71.08,Ternate Barat
827201,8272,82.72.01,Tidore
827202,8272,82.72.02,Oba Utara
827203,8272,82.72.03,Oba
827204,8272,82.72.04,Tidore Selatan
827205,8272,82.72.05,Tidore Utara
827206,8272,82.72.06,Oba Tengah
827207,8272,82.72.07,Oba Selatan
827208,8272,82.72.08,Tidore Timur
910301,9103,91.03.01,Sentani
910302,9103,91.03.02,Sentani Timur
910303,9103,91.03.03,Depapre
910304,9103,91.03.04,Sentani Barat
910305,9103,91.03.05,Kemtuk
910306,9103,91.03.06,Kemtuk Gresi
910307,9103,91.03.07,Nimboran
910308,9103,91.03.08,Nimbokrang
910309,9103,91.03.09,Unurum Guay
910310,9103,91.03.10,Demta
910311,9103,91.03.11,Kaureh
910312,9103,91.03.12,Ebungfao
910313,9103,91.03.13,Waibu
910314,9103,91.03.14,Nambluong
910315,9103,91.03.15,Yapsi
910316,9103,91.03.16,Airu
910317,9103,91.03.17,Raveni Rara
910318,9103,91.03.18,Gresi Selatan
910319,9103,91.03.19,Yokari
910501,9105,91.05.01,Yapen Selatan
910502,9105,91.05.02,Yapen Barat
910503,9105,91.05.03,Yapen Timur
910504,9105,91.05.04,Angkaisera
910505,9105,91.05.05,Poom
910506,9105,91.05.06,Kosiwo
910507,9105,91.05.07,Yapen Utara
910508,9105,91.05.08,Raimbawi
910509,9105,91.05.09,Teluk Ampimoi
910510,9105,91.05.10,Kepulauan Ambai
910511,9105,91.05.11,Wonawa
910512,9105,91.05.12,Windesi
910513,9105,91.05.13,Pulau Kurudu
910514,9105,91.05.14,Pulau Yerui
910515,9105,91.05.15,Anotaurei
910516,9105,91.05.16,Yawakukat
910517,9105,91.05.17,Nusawani
910601,9106,91.06.01,Biak Kota
910602,9106,91.06.02,Biak Utara
910603,9106,91.06.03,Biak Timur
910604,9106,91.06.04,Numfor Barat
910605,9106,91.06.05,Numfor Timur
910608,9106,91.06.08,Biak Barat
910609,9106,91.06.09,Warsa
910610,9106,91.06.10,Padaido
910611,9106,91.06.11,Yendidori
910612,9106,91.06.12,Samofa
910613,9106,91.06.13,Yawosi
910614,9106,91.06.14,Andey
910615,9106,91.06.15,Swandiwe
910616,9106,91.06.16,Bruyadori
910617,9106,91.06.17,Orkeri
910618,9106,91.06.18,Poiru
910619,9106,91.06.19,Aimando Padaido
910620,9106,91.06.20,Oridek
910621,9106,91.06.21,Bondifuar
911001,9110,91.10.01,Sarmi
911002,9110,91.10.02,Tor Atas
911003,9110,91.10.03,Pantai Barat
911004,9110,91.10.04,Pantai Timur
911005,9110,91.10.05,Bonggo
911009,9110,91.10.09,Apawer Hulu
911012,9110,91.10.12,Sarmi Selatan
911013,9110,91.10.13,Sarmi Timur
911014,9110,91.10.14,Pantai Timur Bagian Barat
911015,9110,91.10.15,Bonggo Timur
911101,9111,91.11.01,Waris
911102,9111,91.11.02,Arso
911103,9111,91.11.03,Senggi
911104,9111,91.11.04,Web
911105,9111,91.11.05,Skanto
911106,9111,91.11.06,Arso Timur
911107,9111,91.11.07,Towe
911108,9111,91.11.08,Arso Barat
911109,9111,91.11.09,Mannem
911110,9111,91.11.10,Yaffi
911111,9111,91.11.11,Kaisenar
911501,9115,91.15.01,Waropen Bawah
911503,9115,91.15.03,Masirei
911507,9115,91.15.07,Risei Sayati
911508,9115,91.15.08,Urei Faisei
911509,9115,91.15.09,Inggerus
911510,9115,91.15.10,Kirihi
911511,9115,91.15.11,Oudate
911512,9115,91.15.12,Wapoga
911513,9115,91.15.13,Demba
911514,9115,91.15.14,Wonti
911515,9115,91.15.15,Soyoi Mambai
911901,9119,91.19.01,Supiori Selatan
911902,9119,91.19.02,Supiori Utara
911903,9119,91.19.03,Supiori Timur
911904,9119,91.19.04,Kepulauan Aruri
911905,9119,91.19.05,Supiori Barat
912001,9120,91.20.01,Mamberamo Tengah
912002,9120,91.20.02,Mamberamo Hulu
912003,9120,91.20.03,Rufaer
912004,9120,91.20.04,Mamberamo Tengah Timur
912005,9120,91.20.05,Mamberamo Hilir
912006,9120,91.20.06,Waropen Atas
912007,9120,91.20.07,Benuki
912008,9120,91.20.08,Sawai
917101,9171,91.71.01,Jayapura Utara
917102,9171,91.71.02,Jayapura Selatan
917103,9171,91.71.03,Abepura
917104,9171,91.71.04,Muara Tami
917105,9171,91.71.05,Heram
920203,9202,92.02.03,Warmare
920204,9202,92.02.04,Prafi
920205,9202,92.02.05,Masni
920212,9202,92.02.12,Manokwari Barat
920213,9202,92.02.13,Manokwari Timur
920214,9202,92.02.14,Manokwari Utara
920215,9202,92.02.15,Manokwari Selatan
920217,9202,92.02.17,Tanah Rubuh
920221,9202,92.02.21,Sidey
920231,9202,92.02.31,Aimasi
920232,9202,92.02.32,Mokwam
920233,9202,92.02.33,Masni Utara
920234,9202,92.02.34,Wasirawi
920235,9202,92.02.35,Moruj Mega
920301,9203,92.03.01,Fak-Fak
920302,9203,92.03.02,Fak-Fak Barat
920303,9203,92.03.03,Fak-Fak Timur
920304,9203,92.03.04,Kokas
920305,9203,92.03.05,Fak-Fak Tengah
920306,9203,92.03.06,Karas
920307,9203,92.03.07,Bomberay
920308,9203,92.03.08,Kramongmongga
920309,9203,92.03.09,Teluk Patipi
920310,9203,92.03.10,Pariwari
920311,9203,92.03.11,Wartutin
920312,9203,92.03.12,Fakfak Timur Tengah
920313,9203,92.03.13,Arguni
920314,9203,92.03.14,Mbahamdandara
920315,9203,92.03.15,Kayauni
920316,9203,92.03.16,Furwagi
920317,9203,92.03.17,Tomage
920601,9206,92.06.01,Bintuni
920602,9206,92.06.02,Merdey
920603,9206,92.06.03,Babo
920604,9206,92.06.04,Aranday
920605,9206,92.06.05,Moskona Selatan
920606,9206,92.06.06,Moskona Utara
920607,9206,92.06.07,Wamesa
920608,9206,92.06.08,Fafurwar
920609,9206,92.06.09,Tembuni
920610,9206,92.06.10,Kuri
920611,9206,92.06.11,Manimeri
920612,9206,92.06.12,Tuhiba
920613,9206,92.06.13,Dataran Beimes
920614,9206,92.06.14,Sumuri
920615,9206,92.06.15,Kaitaro
920616,9206,92.06.16,Aroba
920617,9206,92.06.17,Masyeta
920618,9206,92.06.18,Biscoop
920619,9206,92.06.19,Tomu
920620,9206,92.06.20,Kamundan
920621,9206,92.06.21,Weriagar
920622,9206,92.06.22,Moskona Barat
920623,9206,92.06.23,Meyado
920624,9206,92.06.24,Moskona Timur
920701,9207,92.07.01,Wasior
920702,9207,92.07.02,Windesi
920703,9207,92.07.03,Teluk Duairi
920704,9207,92.07.04,Wondiboy
920705,9207,92.07.05,Wamesa
920706,9207,92.07.06,Rumberpon
920707,9207,92.07.07,Naikere
920708,9207,92.07.08,Rasiei
920709,9207,92.07.09,Kuri Wamesa
920710,9207,92.07.10,Roon
920711,9207,92.07.11,Roswar
920712,9207,92.07.12,Nikiwar
920713,9207,92.07.13,Soug Jaya
920801,9208,92.08.01,Kaimana
920802,9208,92.08.02,Buruway
920803,9208,92.08.03,Teluk Arguni Atas
920804,9208,92.08.04,Teluk Etna
920805,9208,92.08.05,Kambrau
920806,9208,92.08.06,Teluk Arguni Bawah
920807,9208,92.08.07,Yamor
921101,9211,92.11.01,Ransiki
921102,9211,92.11.02,Oransbari
921103,9211,92.11.03,Neney
921104,9211,92.11.04,Dataran Isim
921105,9211,92.11.05,Momi Waren
921106,9211,92.11.06,Tahota
921201,9212,92.12.01,Anggi
921202,9212,92.12.02,Anggi Gida
921203,9212,92.12.03,Membey
921204,9212,92.12.04,Sururey
921205,9212,92.12.05,Didohu
921206,9212,92.12.06,Taige
921207,9212,92.12.07,Catubouw
921208,9212,92.12.08,Testega
921209,9212,92.12.09,Minyambaouw
921210,9212,92.12.10,Hingk
930101,9301,93.01.01,Merauke
930102,9301,93.01.02,Muting
930103,9301,93.01.03,Okaba
930104,9301,93.01.04,Kimaam
930105,9301,93.01.05,Semangga
930106,9301,93.01.06,Tanah Miring
930107,9301,93.01.07,Jagebob
930108,9301,93.01.08,Sota
930109,9301,93.01.09,Ulilin
930110,9301,93.01.10,Elikobal
930111,9301,93.01.11,Kurik
930112,9301,93.01.12,Naukenjerai
930113,9301,93.01.13,Animha
930114,9301,93.01.14,Malind
930115,9301,93.01.15,Tubang
930116,9301,93.01.16,Ngguti
930117,9301,93.01.17,Kaptel
930118,9301,93.01.18,Tabonji
930119,9301,93.01.19,Waan
930120,9301,93.01.20,Ilwayab
930121,9301,93.01.21,Padua
930122,9301,93.01.22,Kontuar
930201,9302,93.02.01,Mandobo
930202,9302,93.02.02,Mindiptana
930203,9302,93.02.03,Waropko
930204,9302,93.02.04,Kouh
930205,9302,93.02.05,Jair
930206,9302,93.02.06,Bomakia
930207,9302,93.02.07,Kombut
930208,9302,93.02.08,Iniyandit
930209,9302,93.02.09,Arimop
930210,9302,93.02.10,Fofi
930211,9302,93.02.11,Ambatkwi
930212,9302,93.02.12,Manggelum
930213,9302,93.02.13,Firiwage
930214,9302,93.02.14,Yaniruma
930215,9302,93.02.15,Subur
930216,9302,93.02.16,Kombay
930217,9302,93.02.17,Ninati
930218,9302,93.02.18,Sesnuk
930219,9302,93.02.19,Ki
930220,9302,93.02.20,Kawagit
930301,9303,93.03.01,Obaa
930302,9303,93.03.02,Mambioman Bapai
930303,9303,93.03.03,Citak-Mitak
930304,9303,93.03.04,Edera
930305,9303,93.03.05,Haju
930306,9303,93.03.06,Assue
930307,9303,93.03.07,Kaibar
930308,9303,93.03.08,Passue
930309,9303,93.03.09,Minyamur
930310,9303,93.03.10,Venaha
930311,9303,93.03.11,Syahcame
930312,9303,93.03.12,Yakomi
930313,9303,93.03.13,Bamgi
930314,9303,93.03.14,Passue Bawah
930315,9303,93.03.15,Ti Zain
930401,9304,93.04.01,Agats
930402,9304,93.04.02,Atsj
930403,9304,93.04.03,Sawa Erma
930404,9304,93.04.04,Akat
930405,9304,93.04.05,Fayit
930406,9304,93.04.06,Pantai Kasuari
930407,9304,93.04.07,Suator
930408,9304,93.04.08,Suru-suru
930409,9304,93.04.09,Kolf Braza
930410,9304,93.04.10,Unir Sirau
930411,9304,93.04.11,Joerat
930412,9304,93.04.12,Pulau Tiga
930413,9304,93.04.13,Jetsy
930414,9304,93.04.14,Der Koumur
930415,9304,93.04.15,Kopay
930416,9304,93.04.16,Safan
930417,9304,93.04.17,Sirets
930418,9304,93.04.18,Ayib
930419,9304,93.04.19,Betcbamu
930420,9304,93.04.20,Joutu
930421,9304,93.04.21,Aswi
930422,9304,93.04.22,Awyu
930423,9304,93.04.23,Koroway Buluanop
930424,9304,93.04.24,Tomor Birip
930425,9304,93.04.25,Sor Ep
940101,9401,94.01.01,Nabire
940102,9401,94.01.02,Napan
940103,9401,94.01.03,Yaur
940104,9401,94.01.04,Uwapa
940105,9401,94.01.05,Wanggar
940106,9401,94.01.06,Siriwo
940107,9401,94.01.07,Makimi
940108,9401,94.01.08,Teluk Umar
940109,9401,94.01.09,Teluk Kimi
940110,9401,94.01.10,Yaro
940111,9401,94.01.11,Wapoga
940112,9401,94.01.12,Nabire Barat
940113,9401,94.01.13,Moora
940114,9401,94.01.14,Dipa
940115,9401,94.01.15,Menou
940201,9402,94.02.01,Mulia
940202,9402,94.02.02,Ilu
940203,9402,94.02.03,Fawi
940204,9402,94.02.04,Mewoluk
940205,9402,94.02.05,Yamo
940206,9402,94.02.06,Nume
940207,9402,94.02.07,Torere
940208,9402,94.02.08,Tingginambut
940209,9402,94.02.09,Pagaleme
940210,9402,94.02.10,Gurage
940211,9402,94.02.11,Irimuli
940212,9402,94.02.12,Muara
940213,9402,94.02.13,Ilamburawi
940214,9402,94.02.14,Yambi
940215,9402,94.02.15,Lumo
940216,9402,94.02.16,Molanikime
940217,9402,94.02.17,Dokome
940218,9402,94.02.18,Kalome
940219,9402,94.02.19,Wanwi
940220,9402,94.02.20,Yamoneri
940221,9402,94.02.21,Waegi
940222,9402,94.02.22,Nioga
940223,9402,94.02.23,Gubume
940224,9402,94.02.24,Taganombak
940225,9402,94.02.25,Dagai
940226,9402,94.02.26,Kiyage
940301,9403,94.03.01,Paniai Timur
940302,9403,94.03.02,Paniai Barat
940303,9403,94.03.03,Aradide
940304,9403,94.03.04,Bogabaida
940305,9403,94.03.05,Bibida
940306,9403,94.03.06,Dumadama
940307,9403,94.03.07,Siriwo
940308,9403,94.03.08,Kebo
940309,9403,94.03.09,Yatamo
940310,9403,94.03.10,Ekadide
940311,9403,94.03.11,Wegee Muka
940312,9403,94.03.12,Wegee Bino
940313,9403,94.03.13,Pugo Dagi
940314,9403,94.03.14,Muye
940315,9403,94.03.15,Nakama
940316,9403,94.03.16,Teluk Deya
940317,9403,94.03.17,Yagai
940318,9403,94.03.18,Youtadi
940319,9403,94.03.19,Baya Biru
940320,9403,94.03.20,Deiyai Miyo
940321,9403,94.03.21,Dogomo
940322,9403,94.03.22,Aweida
940323,9403,94.03.23,Topiyai
940324,9403,94.03.24,Fajar Timur
940401,9404,94.04.01,Mimika Baru
940402,9404,94.04.02,Agimuga
940403,9404,94.04.03,Mimika Timur
940404,9404,94.04.04,Mimika Barat
940405,9404,94.04.05,Jita
940406,9404,94.04.06,Jila
940407,9404,94.04.07,Mimika Timur Jauh
940408,9404,94.04.08,Mimika Tengah
940409,9404,94.04.09,Kuala Kencana
940410,9404,94.04.10,Tembagapura
940411,9404,94.04.11,Mimika Barat Jauh
940412,9404,94.04.12,Mimika Barat Tengah
940413,9404,94.04.13,Kwamki Narama
940414,9404,94.04.14,Hoya
940415,9404,94.04.15,Iwaka
940416,9404,94.04.16,Wania
940417,9404,94.04.17,Amar
940418,9404,94.04.18,Alama
940501,9405,94.05.01,Ilaga
940502,9405,94.05.02,Wangbe
940503,9405,94.05.03,Beoga
940504,9405,94.05.04,Doufo
940505,9405,94.05.05,Pogoma
940506,9405,94.05.06,Sinak
940507,9405,94.05.07,Agandugume
940508,9405,94.05.08,Gome
940509,9405,94.05.09,Dervos
940510,9405,94.05.10,Beoga Barat
940511,9405,94.05.11,Beoga Timur
940512,9405,94.05.12,Ogamanim
940513,9405,94.05.13,Kembru
940514,9405,94.05.14,Bina
940515,9405,94.05.15,Sinak Barat
940516,9405,94.05.16,Mage'abume
940517,9405,94.05.17,Yugumuak
940518,9405,94.05.18,Ilaga Utara
940519,9405,94.05.19,Mabugi
940520,9405,94.05.20,Omukia
940521,9405,94.05.21,Lambewi
940522,9405,94.05.22,Oneri
940523,9405,94.05.23,Amungkalpia
940524,9405,94.05.24,Gome Utara
940525,9405,94.05.25,Erelmakawia
940601,9406,94.06.01,Kamu
940602,9406,94.06.02,Mapia
940603,9406,94.06.03,Piyaiye
940604,9406,94.06.04,Kamu Utara
940605,9406,94.06.05,Sukikai Selatan
940606,9406,94.06.06,Mapia Barat
940607,9406,94.06.07,Kamu Selatan
940608,9406,94.06.08,Kamu Timur
940609,9406,94.06.09,Mapia Tengah
940610,9406,94.06.10,Dogiyai
940701,9407,94.07.01,Sugapa
940702,9407,94.07.02,Homeyo
940703,9407,94.07.03,Wandai
940704,9407,94.07.04,Biandoga
940705,9407,94.07.05,Agisiga
940706,9407,94.07.06,Hitadipa
940707,9407,94.07.07,Ugimba
940708,9407,94.07.08,Tomosiga
940801,9408,94.08.01,Tigi
940802,9408,94.08.02,Tigi Timur
940803,9408,94.08.03,Bowobado
940804,9408,94.08.04,Tigi Barat
940805,9408,94.08.05,Kapiraya
950101,9501,95.01.01,Wamena
950102,9501,95.01.02,Kurulu
950103,9501,95.01.03,Asologaima
950104,9501,95.01.04,Hubikosi
950105,9501,95.01.05,Bolakme
950106,9501,95.01.06,Walelagama
950107,9501,95.01.07,Musatfak
950108,9501,95.01.08,Wolo
950109,9501,95.01.09,Asolokobal
950110,9501,95.01.10,Pelebaga
950111,9501,95.01.11,Yalengga
950112,9501,95.01.12,Trikora
950113,9501,95.01.13,Napua
950114,9501,95.01.14,Walaik
950115,9501,95.01.15,Wouma
950116,9501,95.01.16,Hubikiak
950117,9501,95.01.17,Ibele
950118,9501,95.01.18,Taelarek
950119,9501,95.01.19,Itlay Hisage
950120,9501,95.01.20,Siepkosi
950121,9501,95.01.21,Usilimo
950122,9501,95.01.22,Wita Waya
950123,9501,95.01.23,Libarek
950124,9501,95.01.24,Wadangku
950125,9501,95.01.25,Pisugi
950126,9501,95.01.26,Koragi
950127,9501,95.01.27,Tagime
950128,9501,95.01.28,Molagalome
950129,9501,95.01.29,Tagineri
950130,9501,95.01.30,Silo Karno Doga
950131,9501,95.01.31,Piramid
950132,9501,95.01.32,Muliama
950133,9501,95.01.33,Bugi
950134,9501,95.01.34,Bpiri
950135,9501,95.01.35,Welesi
950136,9501,95.01.36,Asotipo
950137,9501,95.01.37,Maima
950138,9501,95.01.38,Popugoba
950139,9501,95.01.39,Wame
950140,9501,95.01.40,Wesaput
950201,9502,95.02.01,Oksibil
950202,9502,95.02.02,Kiwirok
950203,9502,95.02.03,Okbibab
950204,9502,95.02.04,Iwur
950205,9502,95.02.05,Batom
950206,9502,95.02.06,Borme
950207,9502,95.02.07,Kiwirok Timur
950208,9502,95.02.08,Aboy
950209,9502,95.02.09,Pepera
950210,9502,95.02.10,Bime
950211,9502,95.02.11,Alemsom
950212,9502,95.02.12,Okbape
950213,9502,95.02.13,Kalomdol
950214,9502,95.02.14,Oksop
950215,9502,95.02.15,Serambakon
950216,9502,95.02.16,Ok Aom
950217,9502,95.02.17,Kawor
950218,9502,95.02.18,Awinbon
950219,9502,95.02.19,Tarup
950220,9502,95.02.20,Okhika
950221,9502,95.02.21,Oksamol
950222,9502,95.02.22,Oklip
950223,9502,95.02.23,Okbemtau
950224,9502,95.02.24,Oksebang
950225,9502,95.02.25,Okbab
950226,9502,95.02.26,Batani
950227,9502,95.02.27,Weime
950228,9502,95.02.28,Murkim
950229,9502,95.02.29,Mofinop
950230,9502,95.02.30,Jetfa
950231,9502,95.02.31,Teiraplu
950232,9502,95.02.32,Eipumek
950233,9502,95.02.33,Pamek
950234,9502,95.02.34,Nongme
950301,9503,95.03.01,Kurima
950302,9503,95.03.02,Anggruk
950303,9503,95.03.03,Ninia
950304,9503,95.03.04,Silimo
950305,9503,95.03.05,Samenage
950306,9503,95.03.06,Nalca
950307,9503,95.03.07,Dekai
950308,9503,95.03.08,Obio
950309,9503,95.03.09,Suru Suru
950310,9503,95.03.10,Wusama
950311,9503,95.03.11,Amuma
950312,9503,95.03.12,Musaik
950313,9503,95.03.13,Pasema
950314,9503,95.03.14,Hogio
950315,9503,95.03.15,Mugi
950316,9503,95.03.16,Soba
950317,9503,95.03.17,Werima
950318,9503,95.03.18,Tangma
950319,9503,95.03.19,Ukha
950320,9503,95.03.20,Panggema
950321,9503,95.03.21,Kosarek
950322,9503,95.03.22,Nipsan
950323,9503,95.03.23,Ubahak
950324,9503,95.03.24,Pronggoli
950325,9503,95.03.25,Walma
950326,9503,95.03.26,Yahuliambut
950327,9503,95.03.27,Hereapini
950328,9503,95.03.28,Ubalihi
950329,9503,95.03.29,Talambo
950330,9503,95.03.30,Puldama
950331,9503,95.03.31,Endomen
950332,9503,95.03.32,Kona
950333,9503,95.03.33,Dirwemna
950334,9503,95.03.34,Holuwon
950335,9503,95.03.35,Lolat
950336,9503,95.03.36,Soloikma
950337,9503,95.03.37,Sela
950338,9503,95.03.38,Korupun
950339,9503,95.03.39,Langda
950340,9503,95.03.40,Bomela
950341,9503,95.03.41,Suntamon
950342,9503,95.03.42,Seradala
950343,9503,95.03.43,Sobaham
950344,9503,95.03.44,Kabianggama
950345,9503,95.03.45,Kwelamdua
950346,9503,95.03.46,Kwikma
950347,9503,95.03.47,Hilipuk
950348,9503,95.03.48,Duram
950349,9503,95.03.49,Yogosem
950350,9503,95.03.50,Kayo
950351,9503,95.03.51,Sumo
950401,9504,95.04.01,Karubaga
950402,9504,95.04.02,Bokondini
950403,9504,95.04.03,Kanggime
950404,9504,95.04.04,Kembu
950405,9504,95.04.05,Goyage
950406,9504,95.04.06,Wunim
950407,9504,95.04.07,Wina
950408,9504,95.04.08,Umagi
950409,9504,95.04.09,Panaga
950410,9504,95.04.10,Woniki
950411,9504,95.04.11,Kubu
950412,9504,95.04.12,Konda/Kondaga
950413,9504,95.04.13,Nelawi
950414,9504,95.04.14,Kuari
950415,9504,95.04.15,Bokoneri
950416,9504,95.04.16,Bewani
950417,9504,95.04.17,Nabunage
950418,9504,95.04.18,Gilubandu
950419,9504,95.04.19,Nunggawi
950420,9504,95.04.20,Gundagi
950421,9504,95.04.21,Numba
950422,9504,95.04.22,Timori
950423,9504,95.04.23,Dundu
950424,9504,95.04.24,Geya
950425,9504,95.04.25,Egiam
950426,9504,95.04.26,Poganeri
950427,9504,95.04.27,Kamboneri
950428,9504,95.04.28,Airgaram
950429,9504,95.04.29,Wari/Taiyeve II
950430,9504,95.04.30,Dow
950431,9504,95.04.31,Tagineri
950432,9504,95.04.32,Yuneri
950433,9504,95.04.33,Wakuwo
950434,9504,95.04.34,Gika
950435,9504,95.04.35,Telenggeme
950436,9504,95.04.36,Anawi
950437,9504,95.04.37,Wenam
950438,9504,95.04.38,Wugi
950439,9504,95.04.39,Danime
950440,9504,95.04.40,Tagime
950441,9504,95.04.41,Kai
950442,9504,95.04.42,Aweku
950443,9504,95.04.43,Bogonuk
950444,9504,95.04.44,Li Anogomma
950445,9504,95.04.45,Biuk
950446,9504,95.04.46,Yuko
950501,9505,95.05.01,Kobakma
950502,9505,95.05.02,Kelila
950503,9505,95.05.03,Eragayam
950504,9505,95.05.04,Megambilis
950505,9505,95.05.05,Ilugwa
950601,9506,95.06.01,Elelim
950602,9506,95.06.02,Apalapsili
950603,9506,95.06.03,Abenaho
950604,9506,95.06.04,Benawa
950605,9506,95.06.05,Welarek
950701,9507,95.07.01,Tiom
950702,9507,95.07.02,Pirime
950703,9507,95.07.03,Makki
950704,9507,95.07.04,Gamelia
950705,9507,95.07.05,Dimba
950706,9507,95.07.06,Melagineri
950707,9507,95.07.07,Balingga
950708,9507,95.07.08,Tiomneri
950709,9507,95.07.09,Kuyawage
950710,9507,95.07.10,Poga
950711,9507,95.07.11,Niname
950712,9507,95.07.12,Nogi
950713,9507,95.07.13,Yiginua
950714,9507,95.07.14,Tiom Ollo
950715,9507,95.07.15,Yugungwi
950716,9507,95.07.16,Mokoni
950717,9507,95.07.17,Wereka
950718,9507,95.07.18,Milimbo
950719,9507,95.07.19,Wiringgambut
950720,9507,95.07.20,Gollo
950721,9507,95.07.21,Awina
950722,9507,95.07.22,Ayumnati
950723,9507,95.07.23,Wano Barat
950724,9507,95.07.24,Goa Balim
950725,9507,95.07.25,Bruwa
950726,9507,95.07.26,Balingga Barat
950727,9507,95.07.27,Gupura
950728,9507,95.07.28,Kolawa
950729,9507,95.07.29,Gelok Beam
950730,9507,95.07.30,Kuly Lanny
950731,9507,95.07.31,Lannyna
950732,9507,95.07.32,Karu
950733,9507,95.07.33,Yiluk
950734,9507,95.07.34,Guna
950735,9507,95.07.35,Kelulome
950736,9507,95.07.36,Nikogwe
950737,9507,95.07.37,Muara
950738,9507,95.07.38,Buguk Gona
950739,9507,95.07.39,Melagi
950801,9508,95.08.01,Kenyam
950802,9508,95.08.02,Mapenduma
950803,9508,95.08.03,Yigi
950804,9508,95.08.04,Wosak
950805,9508,95.08.05,Geselma
950806,9508,95.08.06,Mugi
950807,9508,95.08.07,Mbuwa
950808,9508,95.08.08,Gearek
950809,9508,95.08.09,Koroptak
950810,9508,95.08.10,Kegayem
950811,9508,95.08.11,Paro
950812,9508,95.08.12,Mebarok
950813,9508,95.08.13,Yenggelo
950814,9508,95.08.14,Kilmid
950815,9508,95.08.15,Alama
950816,9508,95.08.16,Yal
950817,9508,95.08.17,Mam
950818,9508,95.08.18,Dal
950819,9508,95.08.19,Nirkuri
950820,9508,95.08.20,Inikgal
950821,9508,95.08.21,Iniye
950822,9508,95.08.22,Mbulmu Yalma
950823,9508,95.08.23,Mbua Tengah
950824,9508,95.08.24,Embetpen
950825,9508,95.08.25,Kora
950826,9508,95.08.26,Wusi
950827,9508,95.08.27,Pija
950828,9508,95.08.28,Moba
950829,9508,95.08.29,Wutpaga
950830,9508,95.08.30,Nenggeagin
950831,9508,95.08.31,Krepkuri
950832,9508,95.08.32,Pasir Putih
960101,9601,96.01.01,Makbon
960102,9601,96.01.02,Beraur
960103,9601,96.01.03,Salawati
960104,9601,96.01.04,Seget
960105,9601,96.01.05,Aimas
960106,9601,96.01.06,Klamono
960107,9601,96.01.07,Sayosa
960108,9601,96.01.08,Segun
960109,9601,96.01.09,Mayamuk
960110,9601,96.01.10,Salawati Selatan
960111,9601,96.01.11,Klabot
960112,9601,96.01.12,Klawak
960113,9601,96.01.13,Maudus
960114,9601,96.01.14,Mariat
960115,9601,96.01.15,Klayili
960116,9601,96.01.16,Klaso
960117,9601,96.01.17,Moisegen
960118,9601,96.01.18,Sorong
960119,9601,96.01.19,Bagun
960120,9601,96.01.20,Wemak
960121,9601,96.01.21,Sunook
960122,9601,96.01.22,Buk
960123,9601,96.01.23,Saengkeduk
960124,9601,96.01.24,Malabotom
960125,9601,96.01.25,Konhir
960126,9601,96.01.26,Klasafet
960127,9601,96.01.27,Hobard
960128,9601,96.01.28,Salawati Tengah
960129,9601,96.01.29,Botain
960130,9601,96.01.30,Sayosa Timur
960201,9602,96.02.01,Teminabuan
960202,9602,96.02.02,Inanwatan
960203,9602,96.02.03,Sawiat
960204,9602,96.02.04,Kokoda
960205,9602,96.02.05,Moswaren
960206,9602,96.02.06,Seremuk
960207,9602,96.02.07,Wayer
960208,9602,96.02.08,Kais
960209,9602,96.02.09,Konda
960210,9602,96.02.10,Matemani
960211,9602,96.02.11,Kokoda Utara
960212,9602,96.02.12,Saifi
960213,9602,96.02.13,Fokour
960214,9602,96.02.14,Salkma
960215,9602,96.02.15,Kais Darat
960301,9603,96.03.01,Misool (Misool Utara)
960302,9603,96.03.02,Waigeo Utara
960303,9603,96.03.03,Waigeo Selatan
960304,9603,96.03.04,Salawati Utara
960305,9603,96.03.05,Ayau
960306,9603,96.03.06,Misool Timur
960307,9603,96.03.07,Waigeo Barat
960308,9603,96.03.08,Waigeo Timur
960309,9603,96.03.09,Teluk Mayalibit
960310,9603,96.03.10,Kofiau
960311,9603,96.03.11,Meos Mansar
960312,9603,96.03.12,Misool Selatan
960313,9603,96.03.13,Warwarbomi
960314,9603,96.03.14,Waigeo Barat Kepulauan
960315,9603,96.03.15,Misool Barat
960316,9603,96.03.16,Kepulauan Sembilan
960317,9603,96.03.17,Kota Waisai
960318,9603,96.03.18,Tiplol Mayalibit
960319,9603,96.03.19,Batanta Utara
960320,9603,96.03.20,Salawati Barat
960321,9603,96.03.21,Salawati Tengah
960322,9603,96.03.22,Supnin
960323,9603,96.03.23,Kepulauan Ayau
960324,9603,96.03.24,Batanta Selatan
960401,9604,96.04.01,Fef
960402,9604,96.04.02,Miyah
960403,9604,96.04.03,Yembun
960404,9604,96.04.04,Kwoor
960405,9604,96.04.05,Sausapor
960406,9604,96.04.06,Abun
960407,9604,96.04.07,Syujak
960408,9604,96.04.08,Moraid
960409,9604,96.04.09,Kebar
960410,9604,96.04.10,Amberbaken
960411,9604,96.04.11,Senopi
960412,9604,96.04.12,Mubrani
960413,9604,96.04.13,Bikar
960414,9604,96.04.14,Bamusbama
960415,9604,96.04.15,Ases
960416,9604,96.04.16,Miyah Selatan
960417,9604,96.04.17,Ireres
960418,9604,96.04.18,Tobouw
960419,9604,96.04.19,Wilhem Roumbouts
960420,9604,96.04.20,Tinggouw
960421,9604,96.04.21,Kwesefo
960422,9604,96.04.22,Mawabuan
960423,9604,96.04.23,Kebar Timur
960424,9604,96.04.24,Kebar Selatan
960425,9604,96.04.25,Manekar
960426,9604,96.04.26,Mpur
960427,9604,96.04.27,Amberbaken Barat
960428,9604,96.04.28,Kasi
960429,9604,96.04.29,Selemkai
960501,9605,96.05.01,Aifat
960502,9605,96.05.02,Aifat Utara
960503,9605,96.05.03,Aifat Timur
960504,9605,96.05.04,Aifat Selatan
960505,9605,96.05.05,Aitinyo Barat
960506,9605,96.05.06,Aitinyo
960507,9605,96.05.07,Aitinyo Utara
960508,9605,96.05.08,Ayamaru
960509,9605,96.05.09,Ayamaru Utara
960510,9605,96.05.10,Ayamaru Timur
960511,9605,96.05.11,Mare
960512,9605,96.05.12,Aifat Timur Tengah
960513,9605,96.05.13,Aifat Timur Jauh
960514,9605,96.05.14,Aifat Timur Selatan
960515,9605,96.05.15,Ayamaru Selatan
960516,9605,96.05.16,Ayamaru Jaya
960517,9605,96.05.17,Ayamaru Selatan Jaya
960518,9605,96.05.18,Ayamaru Timur Selatan
960519,9605,96.05.19,Ayamaru Utara Timur
960520,9605,96.05.20,Ayamaru Tengah
960521,9605,96.05.21,Ayamaru Barat
960522,9605,96.05.22,Aitinyo Tengah
960523,9605,96.05.23,Aitinyo Raya
960524,9605,96.05.24,Mare Selatan
967101,9671,96.71.01,Sorong
967102,9671,96.71.02,Sorong Timur
967103,9671,96.71.03,Sorong Barat
967104,9671,96.71.04,Sorong Kepulauan
967105,9671,96.71.05,Sorong Utara
967106,9671,96.71.06,Sorong Manoi
967107,9671,96.71.07,Sorong Kota
967108,9671,96.71.08,Klaurung
967109,9671,96.71.09,Malaimsimsa
967110,9671,96.71.10,Maladum Mes
